<Product Revision="5" xmlns="https://github.com/OpenZWave/open-zwave">
  <MetaData>
    <MetaDataItem name="OzwInfoPage">http://www.openzwave.com/device-database/014F:3038:4754</MetaDataItem>
    <MetaDataItem name="ProductPic">images/linear/LB60Z-1.png</MetaDataItem>
    <MetaDataItem id="3038" name="ZWProductPage" type="4754">https://products.z-wavealliance.org/products/1414/</MetaDataItem>
    <MetaDataItem id="3038" name="Identifier" type="4754">LBR30Z-1</MetaDataItem>
    <MetaDataItem name="ResetDescription">You may manually reset the light bulb as follows:
1.  Flick the wall switch “OFF-ON” 4 times within 4 seconds. 
2. The dt Smart Bulb will flash twice after Reset is successful.  

Use this procedure only in the event that the network primary controller is lost or otherwise inoperable.</MetaDataItem>
    <MetaDataItem id="3038" name="FrequencyName" type="4754">U.S. / Canada / Mexico</MetaDataItem>
    <MetaDataItem name="ExclusionDescription">1. Turn off power to the light bulb socket
2. Follow the network controller instruction to place your network controller into exclusion mode to remove the dt light bulb from the network.
3. After being prompted by the network controller, turn On power to the light bulb.  If successful, the LED light bulb will flash twice to indicate successful inclusion.

</MetaDataItem>
    <MetaDataItem name="InclusionDescription">1. Turn Off power to the light bulb socket
2. Screw in the light bulb
3. Place your network controller into inclusion mode by following the controller manufacturer's instructions
4. Turn On power to the light bulb.  If successful, the LED light bulb will flash twice to indicate successful inclusion.
5. If the controller/gateway shows it was a fail, repeat the procedure.

Note: If Inclusion still fails after the 2nd attempt, you need to first RESET the dt Smart Bulb before repeating the above steps. 
</MetaDataItem>
    <MetaDataItem name="Name">Smart LED Light Bulb</MetaDataItem>
    <MetaDataItem name="ProductManual">https://Products.Z-WaveAlliance.org/ProductManual/File?folder=&amp;filename=Manuals/1414/10006193X8 LBR30Z-1 Instructions.pdf</MetaDataItem>
    <MetaDataItem name="Description">Smart LED light bulb with Z-Wave radio.
- Control lights remotely and save energy
- Compatible with smart home systems supporting Z-Wave
- 65 Watt equivalent light (650 lumens)
- Consumes only 7.5 watts of power
- 5000K Day light with frosted glass 
- Instant ON and fully dimmable
- Functions as a Z-Wave signal repeater
- Very simple to include in your network
- Z-Wave Plus certified 
</MetaDataItem>
    <ChangeLog>
      <Entry author="Justin Hammond - Justin@dynam.ac" date="08 May 2019" revision="2">Initial Metadata Import from Z-Wave Alliance Database - https://products.z-wavealliance.org/products/1162/xml</Entry>
      <Entry author="Justin Hammond - Justin@dynam.ac" date="08 May 2019" revision="3">Updated Metadata Import from Z-Wave Alliance Database - https://products.z-wavealliance.org/products/1290/xml</Entry>
      <Entry author="Justin Hammond - Justin@dynam.ac" date="08 May 2019" revision="4">Updated Metadata Import from Z-Wave Alliance Database - https://products.z-wavealliance.org/products/1291/xml</Entry>
      <Entry author="Justin Hammond - Justin@dynam.ac" date="08 May 2019" revision="5">Updated Metadata Import from Z-Wave Alliance Database - https://products.z-wavealliance.org/products/1414/xml</Entry>
    </ChangeLog>
  </MetaData>
  <!-- Configuration Parameters -->
  <CommandClass id="112">
    <Value genre="config" index="1" label="Dim Level Memory" size="1" type="list" value="0">
      <Help>Using Last Dim Setting will bring the bulb back to the last dimness setting when turning on, instead of full brightness by default.</Help>
      <Item label="Full Brightness" value="0"/>
      <Item label="Last Dim Setting" value="1"/>
    </Value>
  </CommandClass>
  <!-- COMMAND_CLASS_ASSOCIATION -->
  <CommandClass id="133">
    <Associations num_groups="1">
      <Group index="1" label="Lifeline" max_associations="5"/>
    </Associations>
  </CommandClass>
</Product>
