<Product Revision="1" xmlns="https://github.com/OpenZWave/open-zwave">
  <MetaData>
    <MetaDataItem name="OzwInfoPage">http://www.openzwave.com/device-database/0145:0004:0001</MetaDataItem>
    <MetaDataItem name="ProductPic">images/buffalo/hw-100v15a-zw.png</MetaDataItem>
    <MetaDataItem id="0004" name="ZWProductPage" type="0001">https://products.z-wavealliance.org/products/802/</MetaDataItem>
    <MetaDataItem name="Name">Buffalo HW-100V15A-ZW</MetaDataItem>
    <MetaDataItem name="Description">Smat Tap 100V/15A measure &amp; monitor power</MetaDataItem>
    <MetaDataItem id="0004" name="FrequencyName" type="0001">Japan</MetaDataItem>
    <MetaDataItem id="0004" name="Identifier" type="0001">HW-100V15A-ZW</MetaDataItem>
    <ChangeLog>
      <Entry author="Justin Hammond - Justin@dynam.ac" date="03 May 2019" revision="1">Initial Metadata Import from Z-Wave Alliance Database - https://products.z-wavealliance.org/products/802/xml</Entry>
    </ChangeLog>
  </MetaData>
</Product>
