<Product Revision="4" xmlns="https://github.com/OpenZWave/open-zwave">
  <!-- Configuration -->
  <CommandClass id="112">
    <Value genre="config" index="176" instance="1" label="Changeover delay (motor protection)" type="byte" value="100">
      <Help>To configure the time (value * 0.1 sec) the motor waits before switching direction.</Help>
    </Value>
    <Value genre="config" index="177" instance="1" label="Raising time input 1" type="byte" value="100">
      <Help>To configure input 1 of the raising time calculation (256 * Input 1 + Input 2) * 0.1 sec</Help>
    </Value>
    <Value genre="config" index="178" instance="1" label="Raising time input 2" type="byte" value="100">
      <Help>To configure input 1 of the raising time calculation (256 * Input 1 + Input 2) * 0.1 sec</Help>
    </Value>
    <Value genre="config" index="179" instance="1" label="Lowering time input 1" type="byte" value="100">
      <Help>To configure input 1 of the lowering time calculation (256 * Input 1 + Input 2) * 0.1 sec</Help>
    </Value>
    <Value genre="config" index="180" instance="1" label="Lowering time input 2" type="byte" value="100">
      <Help>To configure input 1 of the lowering time calculation (256 * Input 1 + Input 2) * 0.1 sec</Help>
    </Value>
  </CommandClass>
  <!-- COMMAND_CLASS_ALARM AlarmCmd_Get not supported -->
  <CommandClass id="113">
    <Compatibility>
      <GetSupported>false</GetSupported>
    </Compatibility>
  </CommandClass>
  <!-- Association Groups -->
  <CommandClass id="133">
    <Associations num_groups="1">
      <Group index="1" label="Lifeline" max_associations="12"/>
    </Associations>
  </CommandClass>
</Product>
