<Product Revision="1" xmlns="https://github.com/OpenZWave/open-zwave">
  <MetaData>
    <MetaDataItem name="OzwInfoPage">http://www.openzwave.com/device-database/0064:0000:0001</MetaDataItem>
    <MetaDataItem name="ProductPic">images/duwi/zw-edan-300.png</MetaDataItem>
    <MetaDataItem id="0000" name="ZWProductPage" type="0001">https://products.z-wavealliance.org/products/337/</MetaDataItem>
    <MetaDataItem name="Name">ZW-EDAN-300 - Flush-mount Z-Wave dimmer</MetaDataItem>
    <MetaDataItem id="0000" name="FrequencyName" type="0001">CEPT (Europe)</MetaDataItem>
    <MetaDataItem id="0000" name="Identifier" type="0001">ZW-EDAN-300</MetaDataItem>
    <MetaDataItem name="Description">For wireless dimming of: light bulbs, HV and LV halogen lamps  with conventional transformer. Combinable with all Z-Wave transmitters and remote controls. For installation in splash-proof junction box IP 44, can be selectively installed in flush-mounted power points and canopies or triggered directly via wireless rockers.</MetaDataItem>
    <MetaDataItem name="ProductSupport">http://www.duewi.de/index.php?productid=29184</MetaDataItem>
    <MetaDataItem name="ProductPage">http://www.duewi.de/index.php?productid=37321</MetaDataItem>
    <ChangeLog>
      <Entry author="Justin Hammond - Justin@dynam.ac" date="03 May 2019" revision="1">Initial Metadata Import from Z-Wave Alliance Database - https://products.z-wavealliance.org/products/337/xml</Entry>
    </ChangeLog>
  </MetaData>
  <CommandClass id="112"/>
</Product>
