<Product Revision="2" xmlns="https://github.com/OpenZWave/open-zwave">
  <MetaData>
    <MetaDataItem name="OzwInfoPage">http://www.openzwave.com/device-database/0064:0000:5002</MetaDataItem>
    <MetaDataItem name="ProductPic">images/duwi/zwws.png</MetaDataItem>
    <MetaDataItem id="0000" name="ZWProductPage" type="5002">https://products.z-wavealliance.org/products/342/</MetaDataItem>
    <MetaDataItem id="0000" name="FrequencyName" type="5002">CEPT (Europe)</MetaDataItem>
    <MetaDataItem name="ProductPage">http://www.duewi.de/index.php?productid=37276</MetaDataItem>
    <MetaDataItem name="ProductSupport">http://www.duewi.de/index.php?productid=29184</MetaDataItem>
    <MetaDataItem name="Description">For wireless switching, resp. control of: all Z-Wave wireless switch inserts and wireless intermediate plugs, existing installations can also  be expanded without flush-mounted power point,  high flexibility with installation due to extremely flat design, to stick or screw on to various substrates, for installation in existing switch box or clipping-in in multiple combinations.</MetaDataItem>
    <MetaDataItem name="Name">ZWWS - Z-Wave wall-mounted Wall Switch</MetaDataItem>
    <MetaDataItem id="0000" name="Identifier" type="5002">ZWWS</MetaDataItem>
    <ChangeLog>
      <Entry author="Justin Hammond - Justin@dynam.ac" date="03 May 2019" revision="1">Initial Metadata Import from Z-Wave Alliance Database - https://products.z-wavealliance.org/products/339/xml</Entry>
      <Entry author="Justin Hammond - Justin@dynam.ac" date="03 May 2019" revision="2">Updated Metadata Import from Z-Wave Alliance Database - https://products.z-wavealliance.org/products/342/xml</Entry>
    </ChangeLog>
  </MetaData>
  <CommandClass id="112"/>
</Product>
