<Product Revision="2" xmlns="https://github.com/OpenZWave/open-zwave">
  <!--
    Danfoss Devolo Connect Z v1.05 014G0801
    http://products.z-wavealliance.org/products/1506
    -->
    <!-- COMMAND_CLASS_BASIC does not respond to requests -->
  <CommandClass action="remove" id="32"/>
  <!-- This thermostat's setpoint descriptions are 0 based -->
  <CommandClass id="67">
    <Compatibility>
      <OverridePrecision>2</OverridePrecision>
      <Base>0</Base>
    </Compatibility>
  </CommandClass>
</Product>
