<Product Revision="1" xmlns="https://github.com/OpenZWave/open-zwave">
  <MetaData>
    <MetaDataItem name="OzwInfoPage">http://www.openzwave.com/device-database/0059:0001:000D</MetaDataItem>
    <MetaDataItem name="ProductPic">images/horstmann/ses301.png</MetaDataItem>
    <MetaDataItem id="0001" name="ZWProductPage" type="000D">https://products.z-wavealliance.org/products/676/</MetaDataItem>
    <MetaDataItem name="ProductPage">http://www.securetogether.eu/</MetaDataItem>
    <MetaDataItem id="0001" name="FrequencyName" type="000D">CEPT (Europe)</MetaDataItem>
    <MetaDataItem id="0001" name="Identifier" type="000D">SES301</MetaDataItem>
    <MetaDataItem name="Name">Secure SES301 Temperature Sensor</MetaDataItem>
    <MetaDataItem name="Description">Z-wave Temperature sensor is a battery operated device which is able to measure temperature and deliver the information to associates device in a Z-Wave networks.</MetaDataItem>
    <ChangeLog>
      <Entry author="Justin Hammond - Justin@dynam.ac" date="03 May 2019" revision="1">Initial Metadata Import from Z-Wave Alliance Database - https://products.z-wavealliance.org/products/676/xml</Entry>
    </ChangeLog>
  </MetaData>
  <CommandClass id="112"/>
</Product>
