<Product Revision="4" xmlns="https://github.com/OpenZWave/open-zwave">
  <MetaData>
    <MetaDataItem name="OzwInfoPage">http://www.openzwave.com/device-database/0059:0004:0001</MetaDataItem>
    <MetaDataItem name="ProductPic">images/horstmann/srt323.png</MetaDataItem>
    <MetaDataItem id="0004" name="ZWProductPage" type="0001">https://products.z-wavealliance.org/products/1241/</MetaDataItem>
    <MetaDataItem id="0004" name="FrequencyName" type="0001">CEPT (Europe)</MetaDataItem>
    <MetaDataItem id="0004" name="Identifier" type="0001">323</MetaDataItem>
    <MetaDataItem name="Description">Room thermostat</MetaDataItem>
    <MetaDataItem name="Name">Secure Controls SRT 323 Thermostat</MetaDataItem>
    <ChangeLog>
      <Entry author="Justin Hammond - Justin@dynam.ac" date="08 May 2019" revision="4">Initial Metadata Import from Z-Wave Alliance Database - https://products.z-wavealliance.org/products/1241/xml</Entry>
    </ChangeLog>
  </MetaData>
  <!-- This thermostat's setpoint descriptions are 0 based, not 1 -->
  <CommandClass id="67">
    <Compatibility>
      <Base>0</Base>
    </Compatibility>
  </CommandClass>
  <!-- Configuration Parameters -->
  <CommandClass id="112">
    <Value genre="config" index="1" instance="1" label="Temperature sensor reading" size="1" type="list" value="255">
      <Help>Enables or not the temperature sensor reading</Help>
      <Item label="Disabled" value="0"/>
      <Item label="Enabled" value="255"/>
    </Value>
    <Value genre="config" index="2" instance="1" label="Temperature Scale" size="1" type="list" value="0">
      <Help>Controls the temperature sensor scale</Help>
      <Item label="Celsius" value="0"/>
      <Item label="Fahrenheit" value="255"/>
    </Value>
    <Value genre="config" index="3" instance="1" label="Delta T: Temperature change" max="100" min="1" type="byte" value="10">
      <Help>Change between temperatures to trigger a temperature report (step 0.1) (Default 10 = 1C)</Help>
    </Value>
  </CommandClass>
  <!-- Association Groups -->
  <CommandClass id="133">
    <Associations num_groups="5">
      <Group index="1" label="Lifeline" max_associations="1"/>
      <Group auto="true" index="2" label="Thermostat Operating State Reports" max_associations="4"/>
      <Group auto="true" index="3" label="Unsolicited Battery Level Reports" max_associations="4"/>
      <Group auto="true" index="4" label="Thermostat Set Point Reports" max_associations="4"/>
      <Group auto="true" index="5" label="Unsolicited Sensor Multilevel Reports" max_associations="4"/>
    </Associations>
  </CommandClass>
</Product>
