<!-- Philio: PST02-1C Slim Multi Sensor --><Product Revision="6" xmlns="https://github.com/OpenZWave/open-zwave">
  <MetaData>
    <MetaDataItem name="OzwInfoPage">http://www.openzwave.com/device-database/013C:000E:0002</MetaDataItem>
    <MetaDataItem name="ProductPic">images/philio/pst02-1c.png</MetaDataItem>
    <MetaDataItem id="000E" name="ZWProductPage" type="0002">https://products.z-wavealliance.org/products/2872/</MetaDataItem>
    <MetaDataItem name="Description">The slim multisensor PST02-1C has door/window, temperature and illumination, 3 sensors function in one,based on Z-Wave technology
It is the Z-WaveTM plus product, it support the security, OTA... Those
newest features of the Z-WaveTM technology. Z-WaveTM is a wireless
communication protocol designed for home automation, specifically to
remotely control applications in residential and light commercial
environments. The technology uses a low-power RF radio embedded or
retrofitted into home electronics devices and systems, such as lighting,
home access control, entertainment systems and household appliances.</MetaDataItem>
    <MetaDataItem name="ResetDescription">Notice: Use this procedure only in the event
that the primary controller is lost or otherwise inoperable.
1. Pressing tamper key four times within 1.5 seconds and do not release the tamper key on the 4th press, the LED lite will ON.
2. After 3 seconds the LED will turn OFF, after that within 2 seconds, release the tamper key. If successful, the LED will light ON one second.
Otherwise, the LED will flash once.
3. IDs are excluded and all settings will reset to factory default.</MetaDataItem>
    <MetaDataItem id="000E" name="Identifier" type="0002">PST02-5C </MetaDataItem>
    <MetaDataItem name="ProductManual">https://Products.Z-WaveAlliance.org/ProductManual/File?folder=&amp;filename=Manuals/2872/PST02_UserManual.pdf</MetaDataItem>
    <MetaDataItem name="WakeupDescription">After the device adding to the network, it will wake-up once per day in
default. When it wakes-up it will broadcast the “Wake Up Notification”
message to the network, and wake-up 10 seconds to receive the
setting commands.
The wake-up interval minimum setting is 30 minutes, and maximum
setting is 120 hours. And the interval step is 30 minutes.
If the user want to wake-up the device immediately, please remove the
front cover, and press the tamper key once. The device will wake-up 10
seconds.</MetaDataItem>
    <MetaDataItem name="InclusionDescription">1. Have Z-WaveTM Controller enter inclusion mode.
2. Pressing tamper key three times within 1.5 seconds
will enter the inclusion mode.
3. After add successful, the device will wake to receive the setting command from Z-WaveTM Controller, about 20 seconds</MetaDataItem>
    <MetaDataItem name="Name"> Датчик открытия (Door sensor) </MetaDataItem>
    <MetaDataItem id="000E" name="FrequencyName" type="0002">CEPT (Europe) / Russia / Russia</MetaDataItem>
    <MetaDataItem name="ExclusionDescription">1. Have Z-WaveTM Controller enter exclusion mode.
2. Pressing tamper key three times within 1.5 seconds will enter the exclusion mode.
Node ID has been excluded.</MetaDataItem>
    <ChangeLog>
      <Entry author="Justin Hammond - Justin@dynam.ac" date="03 May 2019" revision="4">Initial Metadata Import from Z-Wave Alliance Database - https://products.z-wavealliance.org/products/1092/xml</Entry>
      <Entry author="Justin Hammond - Justin@dynam.ac" date="02 Jun 2019" revision="5">Updated Metadata Import from Z-Wave Alliance Database - https://products.z-wavealliance.org/products/2839/xml</Entry>
      <Entry author="Justin Hammond - Justin@dynam.ac" date="02 Jun 2019" revision="6">Updated Metadata Import from Z-Wave Alliance Database - https://products.z-wavealliance.org/products/2872/xml</Entry>
    </ChangeLog>
  </MetaData>
  <!-- Configuration Parameters -->
  <CommandClass id="112">
    <Value genre="config" index="2" label="Basic Set Level" max="255" min="-1" type="byte" value="255">
      <Help>
          Setting the BASIC command value to turn on the light. The 0xFF (-1) means turn on the light. 
          For dimmer equipment 1 to 100 means the light strength. 0 means turn off the light.
	  </Help>
    </Value>
    <Value genre="config" index="4" label="Light threshold" max="100" min="0" type="byte" value="99">
      <Help>
          Setting the illumination threshold to turn on the light. When the event triggered and the environment illumination lower than 
          the threshold, the device will turn on the light.
          0 means turn off illumination detected function and never turn on the light.
          1 means darkest.
          99 means brightest.
          100 means turn off illumination detected function. And always turn on the light.
          * Notice * in none test mode, only the value in 1 to 99 will enable the illumination detected function and update the illumination value.
       </Help>
    </Value>
    <Value genre="config" index="5" label="Operation Mode" max="127" min="0" type="byte" value="0">
      <Help>
          Bit 0: Reserved 
          Bit 1: Reserved 
          Bit 2: Disable the door/window function (1: Disable, 0: Enable). 
          Bit 3: Setting the temperature scale. 0: Fahrenheit, 1:Celsius. 
          Bit 4: Disable the illumination report after event triggered (1: Disable, 0: Enable). 
          Bit 5: Disable the temperature report after event triggered (1: Disable, 0: Enable).
       </Help>
    </Value>
    <Value genre="config" index="6" label="Multi-Sensor Function Switch" max="127" min="0" type="byte" value="4">
      <Help>
          Multi-Sensor Function switch. Using bit to control.
          Bit 0: Disable magnetic integrate illumination to turn ON the lighting nodes in the association group 2 (1: Disable, 0: Enable). 
          Bit 1: Reserved always 1 
          Bit 2: Reserved always 1
          Bit 3: Reserved
          Bit 4: Disable delay 5 seconds to turn off the light, when door/window closed. 
          Bit 5: Disable auto turn off the light, after door/window opened to turn on the light. Notice: If bit2 is zero, this setting is useless. Notice: If the configuration No.9 is zero, this setting is useless. 
          Bit 6: Enable temperature monitoring. When this bit enabled the temperature changed 3 degree Fahrenheit. It will report. And also temp above 140 it will report every 64 seconds.
	  </Help>
    </Value>
    <Value genre="config" index="7" label="Customer Function" max="127" min="0" type="byte" value="4">
      <Help>
          Customer function switch, using bit control. 
          Bit 0: Reserve. 
          Bit 1: Enable sending motion OFF report (0:Disable, 1:Enable). 
				 Note: Depends on the Bit4, 0: Report Notification CC, Type: 0x07, Event: 0xFE 1: Sensor Binary Report, Type: 0x0C, Value: 0x00. 
          Bit 2: Enable PIR super sensitivity mode (0:Disable, 1:Enable).
          Bit 3: Disable send out BASIC OFF after door closed (1:Disable, 0:Enable). 
          Bit 4: Notification Type (0: Notification Report, 1: Sensor Binary Report).
          Bit 5: Disable Multi CC in auto report (1:Disable, 0:Enable). 
          Bit 6: Disable to report battery state when the device triggered (1:Disable, 0:Enable)
          Bit 7: Reserve.
		  ozw recommended setting: 00010110 : 22
       </Help>
    </Value>
    <Value genre="config" index="9" label="Turn Off Light Time" max="127" min="0" type="byte" units="8 sec" value="4">
      <Help>
          After turn on the lighting, setting the delay time to turn off the lighting when the PIR motion is not detected. 
          8 seconds per tick, default tick is 4 (32 seconds). 0 means never send turn off light command.
       </Help>
    </Value>
    <Value genre="config" index="10" label="Auto Report Battery Time" max="127" min="0" type="byte" units="30 min" value="12">
      <Help>
          The interval time for auto report the battery level. 0 means turn off auto report battery. The default value is 12. The tick time can setting by the configuration No.20.
      </Help>
    </Value>
    <Value genre="config" index="11" label="Auto Report Door/Window State Time" max="127" min="0" type="byte" units="30 min" value="12">
      <Help>
          The interval time for auto report the door/window state. 0 means turn off auto report door/window state. The default value is 12. The tick time can setting by the configuration No.20.
      </Help>
    </Value>
    <Value genre="config" index="12" label="Auto Report Illumination Time" max="127" min="0" type="byte" units="30 min" value="12">
      <Help>
          The interval time for auto report the illumination. 0 means turn off auto report illumination. The default value is 12. The tick time can setting by the configuration No.20.
      </Help>
    </Value>
    <Value genre="config" index="13" label="Auto Report Temperature time" max="127" min="0" type="byte" units="30 min" value="12">
      <Help>
          The interval time for auto report the temperature. 0 means turn off auto report temperature. The default value is 12. The tick time can setting by the configuration No.20.
      </Help>
    </Value>
    <Value genre="config" index="20" label="Auto Report Tick Interval" max="255" min="0" type="byte" value="30">
      <Help>
          The interval time for auto report each tick. Setting this configuration will effect configuration No.10, No.11, No.12 and No.13. Caution: Setting to 0 means turn off all auto report function.
      </Help>
    </Value>
    <Value genre="config" index="21" label="Temperature Differential Report" max="255" min="0" type="byte" value="1">
      <Help>
          The temperature differential to report. 0 means turn off this function. The unit is Fahrenheit. Enable this function the device will detect every minutes. And when the temperature is over 140 degree Fahrenheit, it will continue report. Enable this functionality will cause some issue please see the detail in the "Temperature Report" section.
      </Help>
    </Value>
    <Value genre="config" index="22" label="Illumination Differential Report" max="255" min="0" type="byte" value="0">
      <Help>
          The illumination differential to report.0 means turn off this function. The unit is percentage. Enable this function the device will detect every minutes. Enable this functionality will cause some issue please see the detail in the "Illumination Report" section.
      </Help>
    </Value>
  </CommandClass>
  <!-- Basic set as report -->
  <!-- <CommandClass id="32" setasreport="true" ignoremapping="true"/> -->
 
  <!-- Association Groups -->
  <CommandClass id="133">
    <Associations num_groups="2">
      <Group index="1" label="Lifeline" max_associations="8"/>
      <Group index="2" label="Light Control" max_associations="8"/>
    </Associations>
  </CommandClass>
</Product>
