<Product Revision="2" xmlns="https://github.com/OpenZWave/open-zwave">
  <MetaData>
    <MetaDataItem name="OzwInfoPage">http://www.openzwave.com/device-database/0103:0002:0002</MetaDataItem>
    <MetaDataItem name="ProductPic">images/diehlcontrols/766366.png</MetaDataItem>
    <MetaDataItem id="0002" name="ZWProductPage" type="0002">https://products.z-wavealliance.org/products/1208/</MetaDataItem>
    <MetaDataItem name="Name">DiehlControls Dimmer Actuator</MetaDataItem>
    <MetaDataItem name="Description">Dimmer Actuator</MetaDataItem>
    <MetaDataItem id="0002" name="FrequencyName" type="0002">CEPT (Europe)</MetaDataItem>
    <MetaDataItem id="0002" name="Identifier" type="0002">766366</MetaDataItem>
    <ChangeLog>
      <Entry author="Justin Hammond - Justin@dynam.ac" date="03 May 2019" revision="1">Initial Metadata Import from Z-Wave Alliance Database - https://products.z-wavealliance.org/products/996/xml</Entry>
      <Entry author="Justin Hammond - Justin@dynam.ac" date="08 May 2019" revision="2">Updated Metadata Import from Z-Wave Alliance Database - https://products.z-wavealliance.org/products/1208/xml</Entry>
    </ChangeLog>
  </MetaData>
</Product>
