<!-- EVERSPRING AD147 Dimming MODULE --><Product Revision="4" xmlns="https://github.com/OpenZWave/open-zwave">
  <MetaData>
    <MetaDataItem name="OzwInfoPage">http://www.openzwave.com/device-database/0060:0003:0003</MetaDataItem>
    <MetaDataItem name="ProductPic">images/everspring/ad147.png</MetaDataItem>
    <MetaDataItem id="0003" name="ZWProductPage" type="0003">https://products.z-wavealliance.org/products/1527/</MetaDataItem>
    <MetaDataItem name="ExclusionDescription">1. Put the Z-Wave Controller into exclusion mode.
2. Press the link key three times within 1.5 seconds to put the unit into exclusion mode.</MetaDataItem>
    <MetaDataItem name="InclusionDescription">1. Put the Z-Wave Controller into inclusion mode.
2. Press the link key three times within 1.5 seconds to put the unit into inclusion mode.</MetaDataItem>
    <MetaDataItem name="Name">wireless dimmer plug</MetaDataItem>
    <MetaDataItem id="0003" name="FrequencyName" type="0003">CEPT (Europe)</MetaDataItem>
    <MetaDataItem name="ProductManual">https://Products.Z-WaveAlliance.org/ProductManual/File?folder=&amp;filename=Manuals/1527/Manual - AD147_20151007-A501112259R01.pdf</MetaDataItem>
    <MetaDataItem id="0003" name="Identifier" type="0003">AD147-2</MetaDataItem>
    <MetaDataItem name="ResetDescription">1. Press the link key three times within 1.5 seconds to put the unit into exclusion mode.
2. Within 1 second of step 1, press link key again and hold it until LED is off (about 5 seconds).
3. Node ID is excluded.  The device reverts to factory default state and will be in auto-inclusion mode for 4 minutes.
4. Use this procedure only in the event that the network primary controller is missing, or otherwise inoperable</MetaDataItem>
    <MetaDataItem name="WakeupDescription">NR</MetaDataItem>
    <MetaDataItem name="Description">The mini Dimmer Plug is designed to control the on/off status of lighting and appliance load in your house. The unit also provides dimmer function which is only applicable to light bulbs. At 220-240V voltage, this Dimmer Plug can support connected load of 6W - 250W.</MetaDataItem>
    <ChangeLog>
      <Entry author="Justin Hammond - Justin@dynam.ac" date="03 May 2019" revision="3">Initial Metadata Import from Z-Wave Alliance Database - https://products.z-wavealliance.org/products/1065/xml</Entry>
      <Entry author="Justin Hammond - Justin@dynam.ac" date="23 May 2019" revision="4">Updated Metadata Import from Z-Wave Alliance Database - https://products.z-wavealliance.org/products/1527/xml</Entry>
    </ChangeLog>
  </MetaData>
  <!-- Configuration Parameters -->
  <CommandClass id="112">
    <Value genre="config" index="1" label="Basic Set Command value" max="255" min="0" type="short" units="" value="255">
      <Help>
	0 is off. 1 to 99 sets output level at specified value. 
255 sets output level at last memorized level
      </Help>
    </Value>
    <Value genre="config" index="2" label="Delay Time" max="25" min="3" type="byte" units="seconds" value="3">
      <Help>
	Delaying time to report to Group 1
      </Help>
    </Value>
    <Value genre="config" index="3" label="Last Status" max="1" min="0" type="byte" units="" value="1">
      <Help>
	Remember the last status: 0 (do not remember) | 1 (remember)
      </Help>
    </Value>
    <Value genre="config" index="4" label="Output Mode" max="1" min="0" type="byte" units="" value="0">
      <Help>
	Output mode setting: 0 (dimming) | 1 (on/off)
      </Help>
    </Value>
  </CommandClass>
  <!-- Association Groups -->
  <CommandClass id="133">
    <Associations num_groups="2">
      <Group index="1" label="Reports" max_associations="1"/>
      <Group index="2" label="Basic" max_associations="4"/>
    </Associations>
  </CommandClass>
</Product>
