<Product Revision="1" xmlns="https://github.com/OpenZWave/open-zwave">
  <MetaData>
    <MetaDataItem name="OzwInfoPage">http://www.openzwave.com/device-database/0152:0003:0500</MetaDataItem>
    <MetaDataItem name="ProductPic">images/gr/gr-302n.png</MetaDataItem>
    <MetaDataItem id="0003" name="ZWProductPage" type="0500">https://products.z-wavealliance.org/products/1722/</MetaDataItem>
    <MetaDataItem name="Name">PIR Sensor</MetaDataItem>
    <MetaDataItem name="WakeupDescription">Press the button unlock and lock-unlock 1 time it will be wake up 10 seconds.</MetaDataItem>
    <MetaDataItem id="0003" name="Identifier" type="0500">GR-302N</MetaDataItem>
    <MetaDataItem name="ProductManual">https://Products.Z-WaveAlliance.org/ProductManual/File?folder=&amp;filename=Manuals/1722/PIR Sensor_UM.pdf</MetaDataItem>
    <MetaDataItem id="0003" name="FrequencyName" type="0500">U.S. / Canada / Mexico</MetaDataItem>
    <MetaDataItem name="ResetDescription">Press the button unlock and lock-unlock 6 times the device will send the reset notification to the list node in the group 1 and erases the device memory.
Use this procedure only in the event that the network primary controller is missing or otherwise inoperable.
</MetaDataItem>
    <MetaDataItem name="InclusionDescription">Please press the Z-Wave button in the pir sensor when the Z-Wave controller sends the instructions for inclusion, Press the Button: unlock  and lock-unlock 1 time will send the NIF</MetaDataItem>
    <MetaDataItem name="Description">This PIR motion sensor can association lighting switch , until leave the detect area. This PIR have support power supply and you don't replace the battery anymore.</MetaDataItem>
    <MetaDataItem name="ExclusionDescription">Please press the Z-Wave button in the pir sensor when the Z-Wave controller sends the instructions for exclusion, Times to Press the Button: unlock and lock-unlock 1 time will send the NIF
</MetaDataItem>
    <ChangeLog>
      <Entry author="Justin Hammond - Justin@dynam.ac" date="24 May 2019" revision="1">Initial Metadata Import from Z-Wave Alliance Database - https://products.z-wavealliance.org/products/1722/xml</Entry>
    </ChangeLog>
  </MetaData>
</Product>
