<Product Revision="4" xmlns="https://github.com/OpenZWave/open-zwave">
  <MetaData>
    <MetaDataItem name="OzwInfoPage">http://www.openzwave.com/device-database/0148:0001:0001</MetaDataItem>
    <MetaDataItem name="ProductPic">images/eurotronic/eur_stellaz.png</MetaDataItem>
    <MetaDataItem id="0001" name="ZWProductPage" type="0001">https://products.z-wavealliance.org/products/826/</MetaDataItem>
    <MetaDataItem id="0001" name="FrequencyName" type="0001">CEPT (Europe)</MetaDataItem>
    <MetaDataItem name="Name">Stella Z Thermostat</MetaDataItem>
    <MetaDataItem id="0001" name="Identifier" type="0001">Stella Z</MetaDataItem>
    <MetaDataItem name="Description">Radiator Controller</MetaDataItem>
    <ChangeLog>
      <Entry author="Justin Hammond - Justin@dynam.ac" date="03 May 2019" revision="4">Initial Metadata Import from Z-Wave Alliance Database - https://products.z-wavealliance.org/products/826/xml</Entry>
    </ChangeLog>
  </MetaData>
  <CommandClass id="64">
    <Instance index="1"/>
    <Value genre="user" index="0" instance="1" label="Mode" type="list">
      <Item label="Frost Protection" value="0"/>
      <Item label="Comfort" value="1"/>
      <Item label="Energy Saving" value="11"/>
      <Item label="Direct Valve Control" value="31"/>
    </Value>
    <SupportedModes>
      <Mode index="0" label="Frost Protection"/>
      <Mode index="1" label="Comfort"/>
      <Mode index="11" label="Energy Saving"/>
      <Mode index="31" label="Direct Valve Control"/>
    </SupportedModes>
  </CommandClass>
  <CommandClass id="67">
    <Instance index="1"/>
    <Value genre="user" index="0" instance="1" label="Frost protection setpoint" type="decimal" units="C"/>
    <Value genre="user" index="1" instance="1" label="Comfort setpoint" type="decimal" units="C"/>
    <Value genre="user" index="11" instance="1" label="Energy saving setpoint" type="decimal" units="C"/>
    <Compatibility>
      <Base>0</Base>
    </Compatibility>
  
  				
               <!-- <Value instance="1" index="7" action="remove" />-->
        </CommandClass>
</Product>
