<Product Revision="2" xmlns="https://github.com/OpenZWave/open-zwave">
  <MetaData>
    <MetaDataItem name="OzwInfoPage">http://www.openzwave.com/device-database/0063:3032:4F50</MetaDataItem>
    <MetaDataItem name="ProductPic">images/ge/14284.png</MetaDataItem>
    <MetaDataItem id="3032" name="ZWProductPage" type="4F50">https://products.z-wavealliance.org/products/2526/</MetaDataItem>
    <MetaDataItem name="ResetDescription">1. If plugged in, unplug the Switch from the receptacle. 
2. Press and hold the top button for at least 3 seconds while you plug the switch into a receptacle. </MetaDataItem>
    <MetaDataItem id="3032" name="Identifier" type="4F50">14284/ZW4201</MetaDataItem>
    <MetaDataItem name="ProductManual">https://Products.Z-WaveAlliance.org/ProductManual/File?folder=&amp;filename=Manuals/2526/14284 EnFrSp QSG v1.pdf</MetaDataItem>
    <MetaDataItem name="Description">Transform any home into a smart home with the GE Z-Wave Outdoor Smart Switch. The lighting control enables wireless control of on/off functions for outdoor applications, and is compatible with incandescent, LED, Xenon, Halogen, fluorescent and compact fluorescent bulbs. The weather-resistant housing with a protective outlet cover safeguards the outlet from dirt and debris when not in use. The discreet black color blends in with any outdoor environment. Perfect for decorative or seasonal lighting, fountains and other outdoor plug-in appliances. Take control of your home lighting with GE Z-Wave Smart Lighting Controls! </MetaDataItem>
    <MetaDataItem name="ExclusionDescription">1. Follow the instructions for your Z-Wave certified controller to exclude a device from the Z-Wave network. 
2. Once the controller is ready to Exclude your device, press and release the manual/program button on the smart switch to exclude it from the network. </MetaDataItem>
    <MetaDataItem name="Name">Plug-in Outdoor Smart Switch</MetaDataItem>
    <MetaDataItem id="3032" name="FrequencyName" type="4F50">U.S. / Canada / Mexico</MetaDataItem>
    <MetaDataItem name="InclusionDescription">1. Follow the instructions for you Z-Wave certified controller to include the smart switch to the Z-Wave network. 
2. Once the controller is ready to include your outdoor smart switch, press and release the manual/program button on the smart switch to include it in the network.
3. Once your controller has confirmed that the smart switch has been included, refresh the Z-Wave network to optimize performance. </MetaDataItem>
    <ChangeLog>
      <Entry author="Justin Hammond - Justin@dynam.ac" date="24 May 2019" revision="1">Initial Metadata Import from Z-Wave Alliance Database - https://products.z-wavealliance.org/products/1853/xml</Entry>
      <Entry author="Justin Hammond - Justin@dynam.ac" date="02 Jun 2019" revision="2">Updated Metadata Import from Z-Wave Alliance Database - https://products.z-wavealliance.org/products/2526/xml</Entry>
    </ChangeLog>
  </MetaData>
</Product>
