<Product Revision="4" xmlns="https://github.com/OpenZWave/open-zwave">
  <MetaData>
    <MetaDataItem name="OzwInfoPage">http://www.openzwave.com/device-database/0063:3037:4952</MetaDataItem>
    <MetaDataItem name="ProductPic">images/ge/14292-toggle-switch.png</MetaDataItem>
    <MetaDataItem id="3037" name="ZWProductPage" type="4952">https://products.z-wavealliance.org/products/2502/</MetaDataItem>
    <MetaDataItem name="InclusionDescription">1. Follow the instructions for your Z-Wave certified controller to include a device to the Z-Wave network. 
2. Once the controller is ready to include your device, press up and release on the toggle to include it in the network. 
3. Once your controller has confirmed that the device has been included, refresh the Z-Wave network to optimize performance. </MetaDataItem>
    <MetaDataItem id="3037" name="Identifier" type="4952">14292/ZW4003</MetaDataItem>
    <MetaDataItem name="ExclusionDescription">1. Follow the instructions for your Z-Wave certified controller to exclude a device from the Z-Wave network. 
2. Once the controller is ready to exclude your device, press up and release on the toggle to exclude it from the network. </MetaDataItem>
    <MetaDataItem name="ProductManual">https://Products.Z-WaveAlliance.org/ProductManual/File?folder=&amp;filename=Manuals/2502/Binder2.pdf</MetaDataItem>
    <MetaDataItem name="Description">Transform any home into a smart home with the GE Z-Wave Smart Toggle Switch. The In-Wall Smart Toggle Switch can easily replaces any standard in-wall switch and remotely controls a light in your home. Your home will be equipped with ultimate flexibility with the GE Z-Wave Smart Toggle Switch, capable of being used by itself or with up to four add-on switches. Screw terminal installation provides improved space efficiency when replacing existing switches and the integrated LED indicator light allows you to easily locate the switch in a dark room. The GE Z-Wave In-Wall Smart Toggle Switch is compatible with any Z-Wave certified gateway, providing access to many popular home automation systems. Take control of your home lighting with GE Z-Wave Smart Lighting Controls! </MetaDataItem>
    <MetaDataItem name="Name">In-Wall Smart Toggle Switch (White)</MetaDataItem>
    <MetaDataItem id="3037" name="FrequencyName" type="4952">U.S. / Canada / Mexico</MetaDataItem>
    <MetaDataItem name="ResetDescription">1. Quickly press ON (up) 3 times then immediately press the OFF (Down) button 3 times. Note: This should only be used in the event your networks primary controller is missing or otherwise inoperable. </MetaDataItem>
    <ChangeLog>
      <Entry author="Justin Hammond - Justin@dynam.ac" date="24 May 2019" revision="2">Initial Metadata Import from Z-Wave Alliance Database - https://products.z-wavealliance.org/products/1856/xml</Entry>
      <Entry author="Justin Hammond - Justin@dynam.ac" date="02 Jun 2019" revision="3">Updated Metadata Import from Z-Wave Alliance Database - https://products.z-wavealliance.org/products/2055/xml</Entry>
      <Entry author="Justin Hammond - Justin@dynam.ac" date="02 Jun 2019" revision="4">Updated Metadata Import from Z-Wave Alliance Database - https://products.z-wavealliance.org/products/2502/xml</Entry>
    </ChangeLog>
    <MetaDataItem id="3038" name="ZWProductPage" type="4952">https://products.z-wavealliance.org/products/2055/</MetaDataItem>
    <MetaDataItem id="3038" name="FrequencyName" type="4952">U.S. / Canada / Mexico</MetaDataItem>
    <MetaDataItem id="3038" name="Identifier" type="4952">14293/ZW4003</MetaDataItem>
  </MetaData>
  <!-- Configuration Parameters - per https://products.z-wavealliance.org/products/2502 -->
  <CommandClass id="112">
    <Value genre="config" index="4" label="Invert Switch" max="1" min="0" size="1" type="list" value="0">
      <Help>Change the top of the switch to OFF and the bottom of the switch to ON, if the switch was installed upside down.</Help>
      <Item label="No" value="0"/>
      <Item label="Yes" value="1"/>
    </Value>
  </CommandClass>
  <!-- Association Groups -->
  <CommandClass id="133">
    <Associations num_groups="3">
      <Group index="1" label="Lifeline" max_associations="5"/>
      <Group index="2" label="Basic - Local Load" max_associations="5"/>
      <Group index="3" label="Basic - Double Tap" max_associations="5"/>
    </Associations>
  </CommandClass>
</Product>
