<!-- GE(Jasco) 14294 Z-Wave Plus Dimmer Switch --><!-- Configuration Parameters - per
             http://products.z-wavealliance.org/products/1442 --><Product Revision="5" xmlns="https://github.com/OpenZWave/open-zwave">
  <MetaData>
    <MetaDataItem name="OzwInfoPage">http://www.openzwave.com/device-database/0063:3038:4944</MetaDataItem>
    <MetaDataItem name="ProductPic">images/ge/14294-dimmer.png</MetaDataItem>
    <MetaDataItem id="3038" name="ZWProductPage" type="4944">https://products.z-wavealliance.org/products/2105/</MetaDataItem>
    <MetaDataItem name="Name">In-Wall Smart 1000W Dimmer </MetaDataItem>
    <MetaDataItem name="ProductManual">https://Products.Z-WaveAlliance.org/ProductManual/File?folder=&amp;filename=Manuals/2168/Binder1.pdf</MetaDataItem>
    <MetaDataItem id="3038" name="FrequencyName" type="4944">U.S. / Canada / Mexico</MetaDataItem>
    <MetaDataItem name="ResetDescription">Quickly press ON (Top) button three (3) times then immediately
press the OFF (Bottom) button three (3) times. The LED will flash
ON/OFF 5 times when completed successfully.
NOTE: This should only be used in the event your network’s
primary controller is missing or otherwise inoperable.</MetaDataItem>
    <MetaDataItem name="InclusionDescription">1. Follow the instructions for your Z-Wave certified controller to
include a device to the Z-Wave network.
2. Once the controller is ready to add your device,
press and release the top or bottom of the wireless smart
switch (rocker) to add it in the network.
Please reference the controller’s manual for instructions.</MetaDataItem>
    <MetaDataItem name="Description">Transform any home into a smart home with the GE Z-Wave  Smart 1000W Dimmer. The In-Wall Smart 1000W Dimmer can easily replace any standard in-wall switch and remotely controls a light in your home. Your home will be equipped with ultimate flexibility with the GE Z-Wave Smart 1000W Dimmer, capable of being used by itself or with up to four add-on switches. Screw terminal installation provides improved space efficiency when replacing existing switches and the integrated LED indicator light allows you to easily locate the switch in a dark room. The GE Z-Wave In-Wall Smart 1000W Dimmer is compatible with any Z-Wave certified gateway, providing access to many popular home automation systems. Take control of your home lighting with GE Z-Wave Smart Lighting Controls! 

Z-Wave is the world’s largest ecosystem of inter operable smart home products. Z-Wave lighting controls provide an easy-to-install and affordable system to control lighting and small appliances in your home. Add GE Z-Wave lighting controls to a Z-Wave certified gateway to access and control your home from anywhere in the world using your smartphone, tablet or computer as a home automation command center. Never worry if you accidentally left the lights on because you can turn them off remotely or program your lights to go on/off at specific times. Create customized lighting scenes for any occasion such as a “go to sleep” scene or a “movie night” scene. Give the illusion that someone is home by programming the lights to turn on/off while you are away—perfect for deterring crime and adding additional security!"</MetaDataItem>
    <MetaDataItem id="3038" name="Identifier" type="4944">14294/ZW3005</MetaDataItem>
    <MetaDataItem name="ExclusionDescription">1. Follow the instructions for your Z-Wave certified controller to
remove a device from the Z-Wave network.
2. Once the controller is ready to Exclude your device, press
and release the top or bottom of the wireless smart dimmer
(rocker) to remove it from the network.</MetaDataItem>
    <ChangeLog>
      <Entry author="Justin Hammond - Justin@dynam.ac" date="08 May 2019" revision="3">Initial Metadata Import from Z-Wave Alliance Database - https://products.z-wavealliance.org/products/1442/xml</Entry>
      <Entry author="Justin Hammond - Justin@dynam.ac" date="02 Jun 2019" revision="4">Updated Metadata Import from Z-Wave Alliance Database - https://products.z-wavealliance.org/products/2105/xml</Entry>
      <Entry author="Justin Hammond - Justin@dynam.ac" date="02 Jun 2019" revision="5">Updated Metadata Import from Z-Wave Alliance Database - https://products.z-wavealliance.org/products/2168/xml</Entry>
    </ChangeLog>
    <MetaDataItem id="3039" name="ZWProductPage" type="4944">https://products.z-wavealliance.org/products/2168/</MetaDataItem>
    <MetaDataItem id="3039" name="Identifier" type="4944">14299/ZW3006</MetaDataItem>
    <MetaDataItem id="3039" name="FrequencyName" type="4944">U.S. / Canada / Mexico</MetaDataItem>
  </MetaData>
  <CommandClass id="112">
    <Value genre="config" index="3" label="LED Light" max="2" min="0" size="1" type="list" value="0">
      <Help>Sets when the LED on the switch is lit.</Help>
      <Item label="LED on when light off" value="0"/>
      <Item label="LED on when light on" value="1"/>
      <Item label="LED always off" value="2"/>
    </Value>
    <Value genre="config" index="4" label="Invert Switch" max="1" min="0" size="1" type="list" value="0">
      <Help>Change the top of the switch to OFF and the bottom of the switch to ON, if the switch was installed upside down.</Help>
      <Item label="No" value="0"/>
      <Item label="Yes" value="1"/>
    </Value>
    <!-- Both the number of steps (or levels) that the dimmer will change and the timing of the steps can be modified to suit personal preferences. The timing of the steps can be adjusted in 10 millisecond intervals. As an example, the default setting for parameter 8 is 3. This means that the lighting level will change every 30 milliseconds when the Dim Command is received. A value of 255 would mean that the level would change every 2.55 seconds. Combined, the two parameters allow dim rate adjustments from 10 milliseconds to 4.2 minutes to go from maximum-to-minimum or minimum-to-maximum brightness levels. -->
    <Value genre="config" index="7" label="Z-Wave Command Dim Step" max="99" min="1" type="byte" units="" value="1">
      <Help>Indicates how many levels the dimmer will change for each dimming step.</Help>
    </Value>
    <Value genre="config" index="8" label="Z-Wave Command Dim Rate" max="255" min="1" type="short" units="x 10 milliseconds" value="3">
      <Help>This value indicates in 10 millisecond resolution, how often the dim level will change. For example, if you set this parameter to 1, then every 10ms the dim level will change. If you set it to 255, then every 2.55 seconds the dim level will change.</Help>
    </Value>
    <Value genre="config" index="9" label="Local Control Dim Step" max="99" min="1" type="byte" units="" value="1">
      <Help>Indicates how many levels the dimmer will change for each dimming step.</Help>
    </Value>
    <Value genre="config" index="10" label="Local Control Dim Rate" max="255" min="1" type="short" units="x 10 milliseconds" value="3">
      <Help>This value indicates in 10 millisecond resolution, how often the dim level will change. For example, if you set this parameter to 1, then every 10ms the dim level will change. If you set it to 255, then every 2.55 seconds the dim level will change.</Help>
    </Value>
    <Value genre="config" index="11" label="ALL ON/ALL OFF Dim Step" max="99" min="1" type="byte" units="" value="1">
      <Help>Indicates how many levels the dimmer will change for each dimming step.</Help>
    </Value>
    <Value genre="config" index="12" label="ALL ON/ALL OFF Dim Rate" max="255" min="1" type="short" units="x 10 milliseconds" value="3">
      <Help>This value indicates in 10 millisecond resolution, how often the dim level will change. For example, if you set this parameter to 1, then every 10ms the dim level will change. If you set it to 255, then every 2.55 seconds the dim level will change.</Help>
    </Value>
  </CommandClass>
  <!-- Association Groups -->
  <CommandClass id="133">
    <Associations num_groups="3">
      <Group index="1" label="Lifeline" max_associations="5"/>
      <Group index="2" label="Basic - Load" max_associations="5"/>
      <Group index="3" label="Basic - Double Tap" max_associations="5"/>
    </Associations>
  </CommandClass>
</Product>
