<!-- GE(Jasco) 26933 Z-Wave Plus Smart Motion Dimmer --><Product Revision="4" xmlns="https://github.com/OpenZWave/open-zwave">
  <MetaData>
    <MetaDataItem name="OzwInfoPage">http://www.openzwave.com/device-database/0063:3034:494D</MetaDataItem>
    <MetaDataItem name="ProductPic">images/ge/26933-motion-dimmer.png</MetaDataItem>
    <MetaDataItem id="3034" name="ZWProductPage" type="494D">https://products.z-wavealliance.org/products/2108/</MetaDataItem>
    <MetaDataItem id="3034" name="Identifier" type="494D">26933</MetaDataItem>
    <MetaDataItem name="ExclusionDescription">1. Follow the instructions for your Z-Wave certified
controller to remove a device from the Z-Wave
network.
2. Once the controller is ready to remove your device,
press and release the top button on the smart
dimmer to remove it from the network.</MetaDataItem>
    <MetaDataItem id="3034" name="FrequencyName" type="494D">U.S. / Canada / Mexico</MetaDataItem>
    <MetaDataItem name="ResetDescription">Press and release the top button ten times within 5
seconds. The LED will flash 3 times quickly confirming
change.
Note: This should only be used in the event your
network’s primary controller is missing or otherwise
inoperable</MetaDataItem>
    <MetaDataItem name="InclusionDescription">1. Follow the instructions for your Z-Wave certified
controller to add the smart dimmer to the Z-Wave
network.
2. Once the controller is ready to add your smart
dimmer, press and release the top or bottom
button on the smart dimmer to include it in the
network.</MetaDataItem>
    <MetaDataItem name="ProductManual">https://Products.Z-WaveAlliance.org/ProductManual/File?folder=&amp;filename=Manuals/2108/26933 EnFrSp QSG v1.3 and Parameters.pdf</MetaDataItem>
    <MetaDataItem name="Description">Transform any home into a smart home with the GE In-Wall Smart Motion Dimmer. This Z-Wave device replaces you current light switch using your existing wiring and provides Z-Wave wireless control of overhead lighting. The dimmer enables wireless control of On/Off functions of incandescent, LED, xenon, halogen and fluorescent lighting. Not only does it act as a dimmer but the GE In-Wall Smart Motion Dimmer has a built in PIR sensor which can control the local load and be set in occupancy or vacancy mode.

</MetaDataItem>
    <MetaDataItem name="Name">In-Wall Smart Motion Dimmer</MetaDataItem>
    <ChangeLog>
      <Entry author="Justin Hammond - Justin@dynam.ac" date="02 Jun 2019" revision="3">Initial Metadata Import from Z-Wave Alliance Database - https://products.z-wavealliance.org/products/2108/xml</Entry>
      <Entry author="Peter Gebruers - peter.gebruers@gmail.com on behalf of tech165" date="12 Oct 2019" revision="4">Fix paraleter size as per https://github.com/OpenZWave/open-zwave/pull/1968</Entry>
    </ChangeLog>
  </MetaData>
  <!-- Configuration Parameters - per http://products.z-wavealliance.org/products/2108 -->
  <CommandClass id="112">
    <Value genre="config" index="1" label="Timeout Duration" max="255" min="0" size="1" type="list" value="5">
      <Help>Amount of time the light stays on after motion stops</Help>
      <Item label="5 seconds" value="0"/>
      <Item label="1 minute" value="1"/>
      <Item label="5 minutes" value="5"/>
      <Item label="15 minutes" value="15"/>
      <Item label="30 minutes" value="30"/>
      <Item label="Disable timeout" value="255"/>
    </Value>
    <Value genre="config" index="2" label="Brightness" max="255" min="1" type="byte" value="3">
      <Help>Valid values are 0-99 or 255 for last dimming level</Help>
    </Value>
    <Value genre="config" index="3" label="Operation Mode" max="3" min="1" size="1" type="list" value="3">
      <Help>Motion-sensing mode of operation.</Help>
      <Item label="Manual" value="1"/>
      <Item label="Vacancy" value="2"/>
      <Item label="Occupancy" value="3"/>
    </Value>
    <Value genre="config" index="5" label="Invert Switch" max="1" min="0" size="1" type="list" value="0">
      <Help>In a three-way configuration, change the top of the add-on switch to OFF and the bottom of the switch to ON, if the switch was installed upside down.</Help>
      <Item label="No" value="0"/>
      <Item label="Yes" value="1"/>
    </Value>
    <Value genre="config" index="6" label="Enable/Disable Motion Sensor" max="1" min="0" size="1" type="list" value="1">
      <Item label="Disabled" value="0"/>
      <Item label="Enabled" value="1"/>
    </Value>
    <!-- Both the number of steps (or levels) that the dimmer will change and the timing of the steps can be modified to suit personal preferences. The timing of the steps can be adjusted in 10 millisecond intervals. As an example, the default setting for parameter 8 is 3. This means that the lighting level will change every 30 milliseconds when the Dim Command is received. A value of 255 would mean that the level would change every 2.55 seconds. Combined, the two parameters allow dim rate adjustments from 10 milliseconds to 4.2 minutes to go from maximum-to-minimum or minimum-to-maximum brightness levels. -->
    <Value genre="config" index="7" label="Z-Wave Command Dim Step" max="99" min="1" type="byte" units="" value="1">
      <Help>Indicates how many levels the dimmer will change for each dimming step.</Help>
    </Value>
    <Value genre="config" index="8" label="Z-Wave Command Dim Rate" max="255" min="1" type="short" units="x 10 milliseconds" value="3">
      <Help>This value indicates in 10 millisecond resolution, how often the dim level will change. For example, if you set this parameter to 1, then every 10ms the dim level will change. If you set it to 255, then every 2.55 seconds the dim level will change.</Help>
    </Value>
    <Value genre="config" index="9" label="Local Control Dim Step" max="99" min="1" type="byte" units="" value="1">
      <Help>Indicates how many levels the dimmer will change for each dimming step.</Help>
    </Value>
    <Value genre="config" index="10" label="Local Control Dim Rate" max="255" min="1" type="short" units="x 10 milliseconds" value="3">
      <Help>This value indicates in 10 millisecond resolution, how often the dim level will change. For example, if you set this parameter to 1, then every 10ms the dim level will change. If you set it to 255, then every 2.55 seconds the dim level will change.</Help>
    </Value>
    <Value genre="config" index="11" label="ALL ON/ALL OFF Dim Step" max="99" min="1" type="byte" units="" value="1">
      <Help>Indicates how many levels the dimmer will change for each dimming step.</Help>
    </Value>
    <Value genre="config" index="12" label="ALL ON/ALL OFF Dim Rate" max="255" min="1" type="short" units="x 10 milliseconds" value="3">
      <Help>This value indicates in 10 millisecond resolution, how often the dim level will change. For example, if you set this parameter to 1, then every 10ms the dim level will change. If you set it to 255, then every 2.55 seconds the dim level will change.</Help>
    </Value>
    <Value genre="config" index="13" label="Motion sensing sensitivity" max="3" min="1" size="1" type="list" value="3">
      <Item label="High" value="1"/>
      <Item label="Medium" value="2"/>
      <Item label="Low" value="3"/>
    </Value>
    <Value genre="config" index="14" label="Enable/Disable Light Sensing" max="1" min="0" size="1" type="list" value="0">
      <Item label="Disabled" value="0"/>
      <Item label="Enabled" value="1"/>
    </Value>
    <Value genre="config" index="15" label="Reset cycle" max="110" min="0" type="short" units="" value="2">
      <Help>0 = disable
                  1 = 10 seconds
                  2 = 20 seconds
                  3 = 30 seconds
                  4 = 45 seconds
                  ...
                  110 = 27 minutes 15 seconds 
    	          </Help>
    </Value>
    <Value genre="config" index="16" label="Switch Mode" max="1" min="0" size="1" type="list" value="0">
      <Item label="Disabled" value="0"/>
      <Item label="Enabled" value="1"/>
    </Value>
    <Value genre="config" index="17" label="Switch Level" max="99" min="0" type="byte" value="0"></Value>
    <Value genre="config" index="18" label="Dim Up Rate" max="1" min="0" size="1" type="list" value="0">
      <Item label="Slow" value="0"/>
      <Item label="Fast" value="1"/>
    </Value>
    <Value genre="config" index="19" label="Exclusion Mode" max="1" min="0" size="1" type="list" value="0">
      <Item label="Press any button" value="0"/>
      <Item label="Press X then press ON" value="1"/>
    </Value>
  </CommandClass>
  <!-- Association Groups -->
  <CommandClass id="133">
    <Associations num_groups="3">
      <Group index="1" label="Lifeline" max_associations="5"/>
      <Group index="2" label="Basic Set" max_associations="5"/>
      <Group index="3" label="Basic Set" max_associations="5"/>
    </Associations>
  </CommandClass>
</Product>
