<Product Revision="15" xmlns="https://github.com/OpenZWave/open-zwave">
  <MetaData>
    <MetaDataItem name="OzwInfoPage">http://www.openzwave.com/device-database/0063:3230:4457</MetaDataItem>
    <MetaDataItem name="ProductPic">images/ge/dimmer.png</MetaDataItem>
    <MetaDataItem id="3230" name="ZWProductPage" type="4457">https://products.z-wavealliance.org/products/1223/</MetaDataItem>
    <MetaDataItem id="3230" name="FrequencyName" type="4457">U.S. / Canada / Mexico</MetaDataItem>
    <MetaDataItem name="ProductSupport">http://www.jascoproducts.com/support/</MetaDataItem>
    <MetaDataItem id="3230" name="Identifier" type="4457">45762</MetaDataItem>
    <MetaDataItem name="Description">3-way toggle style in-wall dimmer - light almond colo</MetaDataItem>
    <MetaDataItem name="Name">Jasco In-Wall Dimmer, Toggle, Almond (45762)</MetaDataItem>
    <MetaDataItem name="ProductPage">www.ezzwave.com</MetaDataItem>
    <ChangeLog>
      <Entry author="Justin Hammond - Justin@dynam.ac" date="03 May 2019" revision="2">Initial Metadata Import from Z-Wave Alliance Database - https://products.z-wavealliance.org/products/293/xml</Entry>
      <Entry author="Justin Hammond - Justin@dynam.ac" date="03 May 2019" revision="3">Updated Metadata Import from Z-Wave Alliance Database - https://products.z-wavealliance.org/products/654/xml</Entry>
      <Entry author="Justin Hammond - Justin@dynam.ac" date="03 May 2019" revision="4">Updated Metadata Import from Z-Wave Alliance Database - https://products.z-wavealliance.org/products/842/xml</Entry>
      <Entry author="Justin Hammond - Justin@dynam.ac" date="03 May 2019" revision="5">Updated Metadata Import from Z-Wave Alliance Database - https://products.z-wavealliance.org/products/844/xml</Entry>
      <Entry author="Justin Hammond - Justin@dynam.ac" date="03 May 2019" revision="6">Updated Metadata Import from Z-Wave Alliance Database - https://products.z-wavealliance.org/products/846/xml</Entry>
      <Entry author="Justin Hammond - Justin@dynam.ac" date="03 May 2019" revision="7">Updated Metadata Import from Z-Wave Alliance Database - https://products.z-wavealliance.org/products/856/xml</Entry>
      <Entry author="Justin Hammond - Justin@dynam.ac" date="03 May 2019" revision="8">Updated Metadata Import from Z-Wave Alliance Database - https://products.z-wavealliance.org/products/893/xml</Entry>
      <Entry author="Justin Hammond - Justin@dynam.ac" date="03 May 2019" revision="9">Updated Metadata Import from Z-Wave Alliance Database - https://products.z-wavealliance.org/products/894/xml</Entry>
      <Entry author="Justin Hammond - Justin@dynam.ac" date="08 May 2019" revision="10">Updated Metadata Import from Z-Wave Alliance Database - https://products.z-wavealliance.org/products/1214/xml</Entry>
      <Entry author="Justin Hammond - Justin@dynam.ac" date="08 May 2019" revision="11">Updated Metadata Import from Z-Wave Alliance Database - https://products.z-wavealliance.org/products/1215/xml</Entry>
      <Entry author="Justin Hammond - Justin@dynam.ac" date="08 May 2019" revision="12">Updated Metadata Import from Z-Wave Alliance Database - https://products.z-wavealliance.org/products/1216/xml</Entry>
      <Entry author="Justin Hammond - Justin@dynam.ac" date="08 May 2019" revision="13">Updated Metadata Import from Z-Wave Alliance Database - https://products.z-wavealliance.org/products/1217/xml</Entry>
      <Entry author="Justin Hammond - Justin@dynam.ac" date="08 May 2019" revision="14">Updated Metadata Import from Z-Wave Alliance Database - https://products.z-wavealliance.org/products/1220/xml</Entry>
      <Entry author="Justin Hammond - Justin@dynam.ac" date="08 May 2019" revision="15">Updated Metadata Import from Z-Wave Alliance Database - https://products.z-wavealliance.org/products/1223/xml</Entry>
    </ChangeLog>
  </MetaData>
  <!-- Configuration Parameters -->
  <CommandClass id="112">
    <Value genre="config" index="3" label="Night Light" size="1" type="list" value="0">
      <Help>In night-light mode the LED on the switch will turn ON when the switch is turned OFF.</Help>
      <Item label="No" value="0"/>
      <Item label="Yes" value="1"/>
    </Value>
    <Value genre="config" index="4" label="Invert Switch" size="1" type="list" value="0">
      <Help>Change the top of the switch to OFF and the bottom of the switch to ON. Note: If you invert the switches and also install the product upside down, remember the load will now be controlled by the right, not the left switch.</Help>
      <Item label="No" value="0"/>
      <Item label="Yes" value="1"/>
    </Value>
    <Value genre="config" index="5" label="Ignore Start-Level (Receiving)" size="1" type="list" value="1">
      <Help>This dimmer will start dimming from its current level.</Help>
      <Item label="No" value="0"/>
      <Item label="Yes" value="1"/>
    </Value>
    <Value genre="config" index="7" label="On/Off Command Dim Step" max="99" min="1" type="byte" units="" value="1">
      <Help>Indicates how many levels the dimmer will change for each dimming step.</Help>
    </Value>
    <Value genre="config" index="8" label="On/Off Command Dim Rate" max="255" min="1" type="byte" units="x 10 milliseconds" value="3">
      <Help>This value indicates in 10 millisecond resolution, how often the dim level will change. For example, if you set this parameter to 1, then every 10ms the dim level will change. If you set it to 255, then every 2.55 seconds the dim level will change.</Help>
    </Value>
    <Value genre="config" index="9" label="Local Control Dim Step" max="99" min="1" type="byte" units="" value="1">
      <Help>Indicates how many levels the dimmer will change for each dimming step.</Help>
    </Value>
    <Value genre="config" index="10" label="Local Control Dim Rate" max="255" min="1" type="byte" units="x 10 milliseconds" value="3">
      <Help>This value indicates in 10 millisecond resolution, how often the dim level will change. For example, if you set this parameter to 1, then every 10ms the dim level will change. If you set it to 255, then every 2.55 seconds the dim level will change.</Help>
    </Value>
    <Value genre="config" index="11" label="ALL ON/ALL OFF Dim Step" max="99" min="1" type="byte" units="" value="1">
      <Help>Indicates how many levels the dimmer will change for each dimming step.</Help>
    </Value>
    <Value genre="config" index="12" label="ALL ON/ALL OFF Dim Rate" max="255" min="1" type="byte" units="x 10 milliseconds" value="3">
      <Help>This value indicates in 10 millisecond resolution, how often the dim level will change. For example, if you set this parameter to 1, then every 10ms the dim level will change. If you set it to 255, then every 2.55 seconds the dim level will change.</Help>
    </Value>
  </CommandClass>
</Product>
