<Product Revision="6" xmlns="https://github.com/OpenZWave/open-zwave">
  <MetaData>
    <MetaDataItem name="OzwInfoPage">http://www.openzwave.com/device-database/0063:3030:4450</MetaDataItem>
    <MetaDataItem name="ProductPic">images/ge/dimmer_module.png</MetaDataItem>
    <MetaDataItem id="3030" name="ZWProductPage" type="4450">https://products.z-wavealliance.org/products/1209/</MetaDataItem>
    <MetaDataItem name="ProductPage">http://www.ezzwave.com</MetaDataItem>
    <MetaDataItem id="3030" name="Identifier" type="4450">45702/ZW3103</MetaDataItem>
    <MetaDataItem name="ProductSupport">http://nexiahome.com/SupportCenter/Pages/supportcenter.aspx?page=suppor</MetaDataItem>
    <MetaDataItem id="3030" name="FrequencyName" type="4450">U.S. / Canada / Mexico</MetaDataItem>
    <MetaDataItem name="Description">RF controlled, plug-in dimmer</MetaDataItem>
    <MetaDataItem name="Name">Jasco lamp module 45702</MetaDataItem>
    <ChangeLog>
      <Entry author="Justin Hammond - Justin@dynam.ac" date="03 May 2019" revision="2">Initial Metadata Import from Z-Wave Alliance Database - https://products.z-wavealliance.org/products/672/xml</Entry>
      <Entry author="Justin Hammond - Justin@dynam.ac" date="03 May 2019" revision="3">Updated Metadata Import from Z-Wave Alliance Database - https://products.z-wavealliance.org/products/726/xml</Entry>
      <Entry author="Justin Hammond - Justin@dynam.ac" date="03 May 2019" revision="4">Updated Metadata Import from Z-Wave Alliance Database - https://products.z-wavealliance.org/products/888/xml</Entry>
      <Entry author="Justin Hammond - Justin@dynam.ac" date="08 May 2019" revision="5">Updated Metadata Import from Z-Wave Alliance Database - https://products.z-wavealliance.org/products/1191/xml</Entry>
      <Entry author="Justin Hammond - Justin@dynam.ac" date="08 May 2019" revision="6">Updated Metadata Import from Z-Wave Alliance Database - https://products.z-wavealliance.org/products/1209/xml</Entry>
    </ChangeLog>
    <MetaDataItem id="3031" name="ZWProductPage" type="5044">https://products.z-wavealliance.org/products/1191/</MetaDataItem>
    <MetaDataItem id="3031" name="Identifier" type="5044">12718/ZW3101</MetaDataItem>
    <MetaDataItem id="3031" name="FrequencyName" type="5044">U.S. / Canada / Mexico</MetaDataItem>
  </MetaData>
  <!-- Configuration Parameters -->
  <CommandClass id="112">
    <Value genre="config" index="29" label="Load Sensing" size="1" type="list" value="0">
      <Help>Turn on the module when the attached load is connected</Help>
      <Item label="No" value="0"/>
      <Item label="Yes" value="1"/>
    </Value>
    <Value genre="config" index="5" label="Ignore Start-Level (Receiving)" size="1" type="list" value="1">
      <Help>This dimmer will start dimming from its current level.</Help>
      <Item label="No" value="0"/>
      <Item label="Yes" value="1"/>
    </Value>
    <Value genre="config" index="7" label="On/Off Command Dim Step" max="99" min="1" type="byte" units="" value="1">
      <Help>Indicates how many levels the dimmer will change for each dimming step.</Help>
    </Value>
    <Value genre="config" index="8" label="On/Off Command Dim Rate" max="255" min="1" type="byte" units="x 10 milliseconds" value="3">
      <Help>This value indicates in 10 millisecond resolution, how often the dim level will change. For example, if you set this parameter to 1, then every 10ms the dim level will change. If you set it to 255, then every 2.55 seconds the dim level will change.</Help>
    </Value>
    <Value genre="config" index="9" label="Local Control Dim Step" max="99" min="1" type="byte" units="" value="1">
      <Help>Indicates how many levels the dimmer will change for each dimming step.</Help>
    </Value>
    <Value genre="config" index="10" label="Local Control Dim Rate" max="255" min="1" type="byte" units="x 10 milliseconds" value="3">
      <Help>This value indicates in 10 millisecond resolution, how often the dim level will change. For example, if you set this parameter to 1, then every 10ms the dim level will change. If you set it to 255, then every 2.55 seconds the dim level will change.</Help>
    </Value>
    <Value genre="config" index="11" label="ALL ON/ALL OFF Dim Step" max="99" min="1" type="byte" units="" value="1">
      <Help>Indicates how many levels the dimmer will change for each dimming step.</Help>
    </Value>
    <Value genre="config" index="12" label="ALL ON/ALL OFF Dim Rate" max="255" min="1" type="byte" units="x 10 milliseconds" value="3">
      <Help>This value indicates in 10 millisecond resolution, how often the dim level will change. For example, if you set this parameter to 1, then every 10ms the dim level will change. If you set it to 255, then every 2.55 seconds the dim level will change.</Help>
    </Value>
  </CommandClass>
</Product>
