<Product Revision="7" xmlns="https://github.com/OpenZWave/open-zwave">
  <MetaData>
    <MetaDataItem name="OzwInfoPage">http://www.openzwave.com/device-database/0063:3530:5252</MetaDataItem>
    <MetaDataItem name="ProductPic">images/ge/receptacle.png</MetaDataItem>
    <MetaDataItem id="3530" name="ZWProductPage" type="5252">https://products.z-wavealliance.org/products/724/</MetaDataItem>
    <MetaDataItem name="ProductSupport">http://www.jascoproducts.com/support/</MetaDataItem>
    <MetaDataItem name="Description">Transform any home into a smart home with the GE Z-Wave Tamper Resistant Smart Outlet. The GE Z-Wave Tamper Resistant Smart Outlet enables wireless control of on/off functions from the Z-Wave controlled outlet, and is compatible with incandescent, LED, Xenon, Halogen, fluorescent and compact fluorescent bulbs. The tamper resistant duplex receptacle includes a blue LED indicator light to easily locate the receptacle in a dark room. The receptacle replaces your current electrical outlet, uses your existing wiring and provides a Z-Wave enabled outlet for the lamp or appliance that you would like to control and a standard pass-through AC outlet for other electrical appliances. Take control of your home lighting with Jasco Z-Wave Smart Lighting Controls! 
</MetaDataItem>
    <MetaDataItem id="3530" name="FrequencyName" type="5252">U.S. / Canada / Mexico</MetaDataItem>
    <MetaDataItem name="ProductPage">http://www.ezzwave.com</MetaDataItem>
    <MetaDataItem name="Name">In-Wall Tamper Resistant Smart Outlet </MetaDataItem>
    <MetaDataItem id="3530" name="Identifier" type="5252">45636/ZW1001</MetaDataItem>
    <ChangeLog>
      <Entry author="Justin Hammond - Justin@dynam.ac" date="03 May 2019" revision="3">Initial Metadata Import from Z-Wave Alliance Database - https://products.z-wavealliance.org/products/657/xml</Entry>
      <Entry author="Justin Hammond - Justin@dynam.ac" date="03 May 2019" revision="4">Updated Metadata Import from Z-Wave Alliance Database - https://products.z-wavealliance.org/products/724/xml</Entry>
      <Entry author="Justin Hammond - Justin@dynam.ac" date="08 May 2019" revision="5">Updated Metadata Import from Z-Wave Alliance Database - https://products.z-wavealliance.org/products/1195/xml</Entry>
      <Entry author="Justin Hammond - Justin@dynam.ac" date="08 May 2019" revision="6">Updated Metadata Import from Z-Wave Alliance Database - https://products.z-wavealliance.org/products/1212/xml</Entry>
      <Entry author="Justin Hammond - Justin@dynam.ac" date="02 Jun 2019" revision="7">Updated Metadata Import from Z-Wave Alliance Database - https://products.z-wavealliance.org/products/2732/xml</Entry>
    </ChangeLog>
    <MetaDataItem id="3031" name="ZWProductPage" type="4952">https://products.z-wavealliance.org/products/1212/</MetaDataItem>
    <MetaDataItem id="3031" name="FrequencyName" type="4952">U.S. / Canada / Mexico</MetaDataItem>
    <MetaDataItem id="3031" name="Identifier" type="4952">45705</MetaDataItem>
    <MetaDataItem id="3133" name="ZWProductPage" type="4952">https://products.z-wavealliance.org/products/2732/</MetaDataItem>
    <MetaDataItem name="ExclusionDescription">1. Follow the instructions for your Z-Wave certified controller to
remove a device from the Z-Wave network.
2. Once the controller is ready to remove your device, press and
release the manual/program button to remove it from the
network.</MetaDataItem>
    <MetaDataItem name="InclusionDescription">1. Follow the instructions for your Z-Wave certified
controller to add a device to the Z-Wave network.
2. Once the controller is ready to add your device, press and
release the Program Button to add it in the network.</MetaDataItem>
    <MetaDataItem id="3133" name="FrequencyName" type="4952">U.S. / Canada / Mexico</MetaDataItem>
    <MetaDataItem name="ResetDescription">Press the button 3 times, then press and hold the button for at least 3
seconds. The LED will blink 5 times to confirm.
NOTE: This should only be used in the event your network’s primary
controller is missing or otherwise inoperable</MetaDataItem>
    <MetaDataItem id="3133" name="Identifier" type="4952">14288/ZW1002</MetaDataItem>
    <MetaDataItem name="ProductManual">https://Products.Z-WaveAlliance.org/ProductManual/File?folder=&amp;filename=Manuals/2732/14288 QSG v1.pdf</MetaDataItem>
  </MetaData>
  <!-- Configuration Parameters -->
  <CommandClass id="112">
    <Value genre="config" index="3" label="LED Light" max="2" min="0" size="1" type="list" value="0">
      <Help>Sets when the LED on the outlet is lit.</Help>
      <Item label="LED on when outlet off" value="0"/>
      <Item label="LED on when outlet on" value="1"/>
      <Item label="LED always off" value="2"/>
    </Value>
  </CommandClass>
</Product>
