<!-- 
Aeotec DSC35103 Micro Double Switch 
https://aeotec.freshdesk.com/helpdesk/attachments/6009584523
--><Product Revision="2" xmlns="https://github.com/OpenZWave/open-zwave">
  <MetaData>
    <MetaDataItem name="OzwInfoPage">http://www.openzwave.com/device-database/0086:0011:0003</MetaDataItem>
    <MetaDataItem name="ProductPic">images/aeotec/dsc35103.png</MetaDataItem>
    <MetaDataItem id="0011" name="ZWProductPage" type="0003">https://products.z-wavealliance.org/products/1622/</MetaDataItem>
    <MetaDataItem name="Description">Micro Double Smart Switch</MetaDataItem>
    <MetaDataItem name="Name">Aeon Labs Micro Double Smart Switch DSC17103 ZWUS</MetaDataItem>
    <MetaDataItem id="0011" name="FrequencyName" type="0003">U.S. / Canada / Mexico</MetaDataItem>
    <MetaDataItem id="0011" name="Identifier" type="0003">DSC17103 ZWUS</MetaDataItem>
    <ChangeLog>
      <Entry author="Justin Hammond - Justin@dynam.ac" date="24 May 2019" revision="2">Initial Metadata Import from Z-Wave Alliance Database - https://products.z-wavealliance.org/products/1622/xml</Entry>
    </ChangeLog>
  </MetaData>
  <!-- Configuration Parameters -->
  <CommandClass id="112">
    <Value genre="config" index="2" label="Blinking behavior" max="65535" min="0" type="short" units="" value="0" write_only="true">
      <Help>
	  This is actually a double byte value. 
	  The LSB defines the total time the device needs to blink in seconds. 
	  The MSB defines the on/off interval of the blink in tenths of seconds.
      </Help>
    </Value>
    <Value genre="config" index="80" label="Notification status" size="1" type="list" units="" value="0">
      <Help>Enables automatic notifications to associated devices whenever there is a state change.</Help>
      <Item label="None" value="0"/>
      <Item label="Hail" value="1"/>
      <Item label="Basic" value="2"/>
    </Value>
    <Value genre="config" index="120" label="Set External Switch/Button Control mode" size="1" type="list" units="" value="255">
      <Help>Set External Switch/Button Control mode</Help>
      <Item label="Momentary button" value="0"/>
      <Item label="2 state switch" value="1"/>
      <Item label="Unidentified" value="255"/>
    </Value>
    <Value genre="config" index="254" label="Device tag" max="65535" min="0" type="short" units="" value="0">
      <Help>
	Device tag.
      </Help>
    </Value>
    <Value genre="config" index="255" label="Reset device" type="button" units="" value="0" write_only="true">
      <Help>
	Reset to the default configuration.
      </Help>
    </Value>
  </CommandClass>
  <!-- Association Groups -->
  <CommandClass id="133">
    <Associations num_groups="1">
      <Group index="1" label="Lifeline" max_associations="5"/>
    </Associations>
  </CommandClass>
</Product>
