<!-- Aeon Labs Door/Window Sensor Gen5 (ZW120) base on Engineering Spec 08/01/2016 --><Product Revision="5" xmlns="https://github.com/OpenZWave/open-zwave">
  <MetaData>
    <MetaDataItem name="OzwInfoPage">http://www.openzwave.com/device-database/0086:0078:0102</MetaDataItem>
    <MetaDataItem name="ProductPic">images/aeotec/zw120.png</MetaDataItem>
    <MetaDataItem id="0078" name="ZWProductPage" type="0102">https://products.z-wavealliance.org/products/1574/</MetaDataItem>
    <MetaDataItem name="Description">Aeon Labs Door/ Window Sensor Gen5 is a smart Z-Wave sensor that can detect the status of door/window's open/close in real time. 
It’s a security Z-Wave device that supports security encryption. Also it supports the “Over the Air Firmware Updating” that allows you wirelessly update its firmware if needs. 
It can be included and operated in any Z-Wave network with other Z-Wave certified devices from manufacturers and/or other applications.
</MetaDataItem>
    <MetaDataItem name="WakeupDescription">Press the Action Button once, which will trigger sending out the Wake up notification command, press and hold the Action Button for 3 seconds, which will toggle on/off the Sensor be waked up for 10 minutes.</MetaDataItem>
    <MetaDataItem name="InclusionDescription">Turn the primary controller of Z-Wave network into inclusion mode, short press the product’s Action Button that you can find in the back of the product.</MetaDataItem>
    <MetaDataItem name="ResetDescription">Press the Action Button once that you can find in back of the product for 20 seconds and then release. This procedure should only be used when the primary controller is inoperable.</MetaDataItem>
    <MetaDataItem id="0078" name="Identifier" type="0102">ZW120-A</MetaDataItem>
    <MetaDataItem id="0078" name="FrequencyName" type="0102">U.S. / Canada / Mexico</MetaDataItem>
    <MetaDataItem name="ProductManual">https://Products.Z-WaveAlliance.org/ProductManual/File?folder=&amp;filename=Manuals/1579/Door Window Sensor Gen5 manual.pdf</MetaDataItem>
    <MetaDataItem name="Name">Door/ Window Sensor Gen5 </MetaDataItem>
    <MetaDataItem name="ExclusionDescription">Turn the primary controller of Z-Wave network into exclusion mode, short press the product’s Action Button that you can find in back of the product.</MetaDataItem>
    <ChangeLog>
      <Entry author="Justin Hammond - Justin@dynam.ac" date="23 May 2019" revision="3">Initial Metadata Import from Z-Wave Alliance Database - https://products.z-wavealliance.org/products/1574/xml</Entry>
      <Entry author="Justin Hammond - Justin@dynam.ac" date="23 May 2019" revision="4">Updated Metadata Import from Z-Wave Alliance Database - https://products.z-wavealliance.org/products/1578/xml</Entry>
      <Entry author="Justin Hammond - Justin@dynam.ac" date="23 May 2019" revision="5">Updated Metadata Import from Z-Wave Alliance Database - https://products.z-wavealliance.org/products/1579/xml</Entry>
    </ChangeLog>
    <MetaDataItem id="0078" name="ZWProductPage" type="0202">https://products.z-wavealliance.org/products/1578/</MetaDataItem>
    <MetaDataItem id="0078" name="FrequencyName" type="0202">Australia / New Zealand</MetaDataItem>
    <MetaDataItem id="0078" name="Identifier" type="0202">ZW120-B</MetaDataItem>
    <MetaDataItem id="0078" name="ZWProductPage" type="0002">https://products.z-wavealliance.org/products/1579/</MetaDataItem>
    <MetaDataItem id="0078" name="FrequencyName" type="0002">U.S. / Canada / Mexico</MetaDataItem>
    <MetaDataItem id="0078" name="Identifier" type="0002">ZW120-C</MetaDataItem>
  </MetaData>
  <!-- Configuration Parameters -->
  <CommandClass id="112">
    <Value genre="config" index="1" instance="1" label="Sensor Binary Report" max="1" min="0" size="1" type="list" value="0">
      <Help>Which value of the Sensor Binary Report will be sent when the door is Opened/Closed</Help>
      <Item label="Open: 0xFF, Close: 0x00" value="0"/>
      <Item label="Open: 0x00, Close: 0xFF" value="1"/>
    </Value>
    <Value genre="config" index="2" instance="1" label="Enable wake up 10 minutes when re-power on the sensor" max="1" min="0" size="1" type="list" value="1">
      <Help>Default setting: Disable</Help>
      <Item label="Disable" value="0"/>
      <Item label="Enable" value="1"/>
    </Value>
    <Value genre="config" index="3" instance="1" label="Basic Set Report" max="1" min="0" size="1" type="list" value="0">
      <Help>Which value of the Basic Set will be sent when the door is Opened/Closed</Help>
      <Item label="Open: 0xFF, Close: 0x00" value="0"/>
      <Item label="Open: 0x00, Close: 0xFF" value="1"/>
    </Value>
    <Value genre="config" index="39" instance="1" label="Set the low battery value" max="50" min="10" size="1" type="byte" value="10">
      <Help>10% to 50%</Help>
    </Value>
    <Value genre="config" index="111" instance="1" label="Interval time of battery report" max="2147483647" min="0" size="4" type="int" value="0">
      <Help>
				Set the interval time of battery report.
				Value=0, disable the battery report for a interval time.
				Value=1 to 0x7FFFFFFF, the interval time of battery report is set.
				Note:
				1, if the value is less than 10, the time unit is second.
				If the value is more than 10, the time unit is 4 minutes, which means if the value is more than 10 and less than 240, the interval time is 4 minutes. 
				If the value is more than 240 and less than 480, the interval is 8 minutes.
				2, if the current battery report falls below the low battery value (configurable parameter 39), it will send battery report=0xFF.
			</Help>
    </Value>
    <Value genre="config" index="121" instance="1" label="Report type" max="65535" min="0" size="4" type="int" value="256">
      <Help>
				To configure which sensor report will be sent when the Sensor is triggered Opened/Closed.
				Bitsets: 0->Battery report, 4->Sensor Binary, 8->Basic Set, Default setting: 0x00000100 (Basic Set).
				Ideal Setting for OZW is 17 (Sensor Binary and Battery Report).
			</Help>
    </Value>
    <Value genre="config" index="255" label="Reset To Factory Defaults" size="4" type="list" value="1" write_only="true">
      <Help>Reset to factory defaults</Help>
      <Item label="Reset to factory default setting" value="0"/>
      <Item label="Normal" value="1"/>
      <Item label="Reset to factory default setting and removed from the z-wave network" value="1431655765"/>
    </Value>
  </CommandClass>
  <!-- Basic set as report-->
  <CommandClass id="32">
    <Compatibility>
      <SetAsReport>true</SetAsReport>
    </Compatibility>
  </CommandClass>
  <!-- Association Groups -->
  <CommandClass id="133">
    <Associations num_groups="1">
      <Group index="1" label="Lifeline" max_associations="5"/>
    </Associations>
  </CommandClass>
</Product>
