<!--
Aeotec ZW130 WallMote Quad, base on Engineering Spec 9/27/2016
--><Product Revision="7" xmlns="https://github.com/OpenZWave/open-zwave">
  <MetaData>
    <MetaDataItem name="OzwInfoPage">http://www.openzwave.com/device-database/0086:0082:0102</MetaDataItem>
    <MetaDataItem name="ProductPic">images/aeotec/zw130.png</MetaDataItem>
    <MetaDataItem id="0082" name="ZWProductPage" type="0102">https://products.z-wavealliance.org/products/2130/</MetaDataItem>
    <MetaDataItem name="InclusionDescription">Turn the primary controller of Z-Wave network into inclusion mode, short press the product’s Action button that you can find on the product's housing.</MetaDataItem>
    <MetaDataItem name="ExclusionDescription">Turn the primary controller of Z-Wave network into exclusion mode, short press the product’s Action button that you can find on the product's housing.</MetaDataItem>
    <MetaDataItem name="Name">WallMote Quad</MetaDataItem>
    <MetaDataItem name="ResetDescription">Press and hold the Action button that you can find on the product's housing for 20 seconds and then release. This procedure should only be used when the primary controller is missing or inoperable.</MetaDataItem>
    <MetaDataItem name="ProductManual">https://Products.Z-WaveAlliance.org/ProductManual/File?folder=&amp;filename=Manuals/2153/Aeon Labs WallMote Quad manual.pdf</MetaDataItem>
    <MetaDataItem id="0082" name="FrequencyName" type="0102">U.S. / Canada / Mexico</MetaDataItem>
    <MetaDataItem name="Description">Aeotec WallMote Quad is an intelligent Z-Wave remote controller that mounted on a wall. It has 4 touch buttons that you can easily control the Z-Wave devices in your home network via touching, long pressing or sliding the button areas. 
Its surface has a RGB LED to indicate the button actions also accompanied by touch beep and vibration. 
The WallMote Quad is also a security Z-Wave device and supports Over The Air (OTA) feature for the products firmware upgrade.
</MetaDataItem>
    <MetaDataItem id="0082" name="Identifier" type="0102">ZW130-A</MetaDataItem>
    <ChangeLog>
      <Entry author="Justin Hammond - Justin@dynam.ac" date="02 Jun 2019" revision="5">Initial Metadata Import from Z-Wave Alliance Database - https://products.z-wavealliance.org/products/2130/xml</Entry>
      <Entry author="Justin Hammond - Justin@dynam.ac" date="02 Jun 2019" revision="6">Updated Metadata Import from Z-Wave Alliance Database - https://products.z-wavealliance.org/products/2152/xml</Entry>
      <Entry author="Justin Hammond - Justin@dynam.ac" date="02 Jun 2019" revision="7">Updated Metadata Import from Z-Wave Alliance Database - https://products.z-wavealliance.org/products/2153/xml</Entry>
    </ChangeLog>
    <MetaDataItem id="0082" name="ZWProductPage" type="0202">https://products.z-wavealliance.org/products/2152/</MetaDataItem>
    <MetaDataItem id="0082" name="Identifier" type="0202">ZW130-B</MetaDataItem>
    <MetaDataItem id="0082" name="FrequencyName" type="0202">Australia / New Zealand</MetaDataItem>
    <MetaDataItem id="0082" name="ZWProductPage" type="0002">https://products.z-wavealliance.org/products/2153/</MetaDataItem>
    <MetaDataItem id="0082" name="Identifier" type="0002">ZW130-C</MetaDataItem>
    <MetaDataItem id="0082" name="FrequencyName" type="0002">CEPT (Europe)</MetaDataItem>
  </MetaData>
  <!-- COMMAND_CLASS_BASIC -->
  <CommandClass id="32">
    <Compatibility>
      <GetSupported>false</GetSupported>
    </Compatibility>
  </CommandClass>
  <!-- COMMAND_CLASS_SWITCH_BINARY -->
  <CommandClass id="37">
    <Compatibility>
      <GetSupported>false</GetSupported>
    </Compatibility>
  </CommandClass>
  <!-- COMMAND_CLASS_SWITCH_MULTILEVEL -->
  <CommandClass id="38">
    <Compatibility>
      <GetSupported>false</GetSupported>
    </Compatibility>
  </CommandClass>
  <!-- Configuration Parameters -->
  <CommandClass id="112">
    <Value genre="config" index="1" instance="1" label="Touch sound" max="1" min="0" size="1" type="list" value="1">
      <Help>This will enable or disable the sound effects when you press or touch  the sensing area</Help>
      <Item label="Disable" value="0"/>
      <Item label="Enable" value="1"/>
    </Value>
    <Value genre="config" index="2" instance="1" label="Touch vibration" max="1" min="0" size="1" type="list" value="1">
      <Help>This will enable or disable the vibration effects when you press or  touch the sensing area</Help>
      <Item label="Disable" value="0"/>
      <Item label="Enable" value="1"/>
    </Value>
    <Value genre="config" index="3" instance="1" label="Button slide function" max="1" min="0" size="1" type="list" value="1">
      <Help>This will enable or disable control by sliding the button area</Help>
      <Item label="Disable" value="0"/>
      <Item label="Enable" value="1"/>
    </Value>
    <Value genre="config" index="4" instance="1" label="Report type" max="1" min="0" size="1" type="list" value="1">
      <Help>To configure which report will be sent when pressing the buttons</Help>
      <Item label="Send nothing" value="0"/>
      <Item label="Send Central Scene Command Notification" value="1"/>
      <Item label="Send Central Scene Command Notification and Configuration report" value="3"/>
    </Value>
    <Value genre="config" index="5" label="Color when button is pressed" type="int" units="" value="65280">
      <Help>
                To configure which color will be displayed when the button is pressed.
                Value 1: (msb) Red.
                Value 2: Green.
                Value 3: Blue.
                Value 4: Reserved
            </Help>
    </Value>
    <Value genre="config" index="33" label="Test the LED, buzzer and vibrator" read_only="true" type="int" units="" value="0">
      <Help>
                Get the LED Strip color value
                Value 1: (msb) Red.
                Value 2: Green.
                Value 3: Blue.
                Value 4: buzzer and vibrator. (1=ON, 0=OFF)
            </Help>
    </Value>
    <Value genre="config" index="39" label="Set the low battery value" max="50" min="10" type="byte" units="%" value="20">
      <Help>
                Set the low battery value.
                Range: 10% - 50%.</Help>
    </Value>
    <Value genre="config" index="255" label="Reset To Factory Defaults" size="4" type="list" value="1" write_only="true">
      <Help>Reset to factory defaults</Help>
      <Item label="Reset to factory default setting" value="0"/>
      <Item label="Normal" value="1"/>
      <Item label="Reset to factory default setting and removed from the z-wave network" value="1431655765"/>
    </Value>
  </CommandClass>
  <!-- Association Groups -->
  <CommandClass id="133">
    <Associations num_groups="9">
      <Group index="1" label="Lifeline" max_associations="1"/>
      <Group index="2" label="On/Off control via Button 1" max_associations="5"/>
      <Group index="3" label="Dimmer control via Button 1" max_associations="5"/>
      <Group index="4" label="On/Off control via Button 2" max_associations="5"/>
      <Group index="5" label="Dimmer control via Button 2" max_associations="5"/>
      <Group index="6" label="On/Off control via Button 3" max_associations="5"/>
      <Group index="7" label="Dimmer control via Button 3" max_associations="5"/>
      <Group index="8" label="On/Off control via Button 4" max_associations="5"/>
      <Group index="9" label="Dimmer control via Button 4" max_associations="5"/>
    </Associations>
  </CommandClass>




    <!--<CommandClass id="142" ForceInstances="true"/>-->
</Product>
