<Product Revision="6" xmlns="https://github.com/OpenZWave/open-zwave">
  <MetaData>
    <MetaDataItem name="OzwInfoPage">http://www.openzwave.com/device-database/0099:0004:0003</MetaDataItem>
    <MetaDataItem name="ProductPic">images/greenwave/powernode6.png</MetaDataItem>
    <MetaDataItem id="0004" name="ZWProductPage" type="0003">https://products.z-wavealliance.org/products/590/</MetaDataItem>
    <MetaDataItem name="ProductPage">http://www.greenwavereality.com/solutions/energymgmt/</MetaDataItem>
    <MetaDataItem id="0004" name="FrequencyName" type="0003">Australia / New Zealand / CEPT (Europe) / CEPT (Europe) / U.S. / Canada / Mexico</MetaDataItem>
    <MetaDataItem name="Description">The PowerNode 6-Port allows users to connect up to 6 appliances, making them smart, energy conscious and controllable. Our patent-pending DeviceDNA technology instantly recognizes the device upon being plugged into the PowerNode, to facilitate identification of your devices.</MetaDataItem>
    <MetaDataItem name="Name">Multi socket PowerNode US</MetaDataItem>
    <MetaDataItem id="0004" name="Identifier" type="0003">MP220-B/NP222-B</MetaDataItem>
    <ChangeLog>
      <Entry author="Justin Hammond - Justin@dynam.ac" date="03 May 2019" revision="3">Initial Metadata Import from Z-Wave Alliance Database - https://products.z-wavealliance.org/products/54/xml</Entry>
      <Entry author="Justin Hammond - Justin@dynam.ac" date="03 May 2019" revision="4">Updated Metadata Import from Z-Wave Alliance Database - https://products.z-wavealliance.org/products/56/xml</Entry>
      <Entry author="Justin Hammond - Justin@dynam.ac" date="03 May 2019" revision="5">Updated Metadata Import from Z-Wave Alliance Database - https://products.z-wavealliance.org/products/57/xml</Entry>
      <Entry author="Justin Hammond - Justin@dynam.ac" date="03 May 2019" revision="6">Updated Metadata Import from Z-Wave Alliance Database - https://products.z-wavealliance.org/products/590/xml</Entry>
    </ChangeLog>
    <MetaDataItem name="ProductSupport">http://www.greenwavereality.com/about/contact/</MetaDataItem>
  </MetaData>
  <!-- Configuration -->
  <CommandClass id="112">
    <Value genre="config" index="0" instance="1" label="Power delta" max="100" min="1" type="byte" units="%" value="10">
      <Help>Consumer variation required to send notification.
	  From 1 to 100, default 10</Help>
    </Value>
    <Value genre="config" index="1" instance="1" label="No communication light" max="255" min="1" type="byte" value="2">
      <Help>After how many minutes the GreenWave device should start flashing if the controller didn't communicate with this device</Help>
    </Value>
    <Value genre="config" index="2" instance="1" label="Room color" read_only="true" size="1" type="list">
      <Help>The room color (Corner wheel color) on the GreenWave device</Help>
      <Item label="Black (empty)" value="128"/>
      <Item label="Green (1)" value="129"/>
      <Item label="Dark Blue (2)" value="130"/>
      <Item label="Red (3)" value="131"/>
      <Item label="Yellow (4)" value="132"/>
      <Item label="Purple (5)" value="133"/>
      <Item label="Orange (6)" value="134"/>
      <Item label="Light Blue (7)" value="135"/>
      <Item label="Pink (8)" value="136"/>
      <Item label="Locked" value="137"/>
    </Value>
    <Value genre="config" index="3" instance="1" label="Power on relay" max="2" min="0" size="1" type="list" value="2">
      <Help>Relais state after a power loss</Help>
      <Item label="All OFF" value="0"/>
      <Item label="Remember last state" value="1"/>
      <Item label="All ON" value="2"/>
    </Value>
    <Value genre="config" index="4" instance="1" label="LED on network error" max="1" min="0" size="1" type="list" value="1">
      <Help>Enable/Disable the LED on network error</Help>
      <Item label="Disable" value="0"/>
      <Item label="Enable" value="1"/>
    </Value>
  </CommandClass>
  <CommandClass id="96">
    <Compatibility>
      <MapRootToEndpoint>true</MapRootToEndpoint>
    </Compatibility>
  </CommandClass>
  <!-- COMMAND_CLASS_ALARM. This class is in the list reported by the GreenWave PowerNode 6, but it does not respond to requests -->
  <CommandClass action="remove" id="113"/>
  <!-- COMMAND_CLASS_INDICATOR. This class is in the list reported by the GreenWave PowerNode 6, but it does not respond to requests -->
  <CommandClass action="remove" id="135"/>
  <!-- Association Groups -->
  <CommandClass id="133">
    <Associations num_groups="4">
      <Group index="1" label="Wheel" max_associations="1"/>
      <Group index="2" label="Relay health" max_associations="1"/>
      <Group index="3" label="Power level" max_associations="1"/>
      <Group index="4" label="Overcurrent protection" max_associations="1"/>
    </Associations>
  </CommandClass>
</Product>
