<Product Revision="6" xmlns="https://github.com/OpenZWave/open-zwave">
  <MetaData>
    <MetaDataItem name="OzwInfoPage">http://www.openzwave.com/device-database/0099:0002:0002</MetaDataItem>
    <MetaDataItem name="ProductPic">images/greenwave/powernode1.png</MetaDataItem>
    <MetaDataItem id="0002" name="ZWProductPage" type="0002">https://products.z-wavealliance.org/products/629/</MetaDataItem>
    <MetaDataItem name="Description">Single-socket PowerNode, UK.The single port version of the PowerNode, these devices communicate wirelessly to the Gateway, allowing for energy monitoring and device control. Our products come pre-configured to connect to the Gateway with minimal consumer set-up.</MetaDataItem>
    <MetaDataItem id="0002" name="FrequencyName" type="0002">CEPT (Europe) / Australia / New Zealand / U.S. / Canada / Mexico / CEPT (Europe)</MetaDataItem>
    <MetaDataItem name="Name">Greenwave Single socket PowerNode UK</MetaDataItem>
    <MetaDataItem name="ProductPage">http://www.greenwavereality.com/solutions/energymgmt/</MetaDataItem>
    <MetaDataItem id="0002" name="Identifier" type="0002">NS210-G-EN/NP210-G-EN</MetaDataItem>
    <ChangeLog>
      <Entry author="Justin Hammond - Justin@dynam.ac" date="03 May 2019" revision="2">Initial Metadata Import from Z-Wave Alliance Database - https://products.z-wavealliance.org/products/52/xml</Entry>
      <Entry author="Justin Hammond - Justin@dynam.ac" date="03 May 2019" revision="3">Updated Metadata Import from Z-Wave Alliance Database - https://products.z-wavealliance.org/products/55/xml</Entry>
      <Entry author="Justin Hammond - Justin@dynam.ac" date="03 May 2019" revision="4">Updated Metadata Import from Z-Wave Alliance Database - https://products.z-wavealliance.org/products/58/xml</Entry>
      <Entry author="Justin Hammond - Justin@dynam.ac" date="03 May 2019" revision="5">Updated Metadata Import from Z-Wave Alliance Database - https://products.z-wavealliance.org/products/589/xml</Entry>
      <Entry author="Justin Hammond - Justin@dynam.ac" date="03 May 2019" revision="6">Updated Metadata Import from Z-Wave Alliance Database - https://products.z-wavealliance.org/products/629/xml</Entry>
    </ChangeLog>
    <MetaDataItem name="ProductSupport">http://www.greenwavereality.com/solutions/energymgmt/</MetaDataItem>
  </MetaData>
  <!-- Configuration -->
  <CommandClass id="112">
    <Value genre="config" index="0" instance="1" label="Power delta" max="100" min="1" type="byte" units="%" value="10">
      <Help>Consumer variation required to send notification.
        From 1 to 100, default 10</Help>
    </Value>
    <Value genre="config" index="1" instance="1" label="No communication light" max="255" min="1" type="byte" value="2">
      <Help>After how many minutes the GreenWave device should start flashing if the controller didn't communicate with this device</Help>
    </Value>
    <Value genre="config" index="2" instance="1" label="Room color" read_only="true" size="1" type="list">
      <Help>The room color (Corner wheel color) on the GreenWave device</Help>
      <Item label="Black (empty)" value="128"/>
      <Item label="Green (1)" value="129"/>
      <Item label="Dark Blue (2)" value="130"/>
      <Item label="Red (3)" value="131"/>
      <Item label="Yellow (4)" value="132"/>
      <Item label="Purple (5)" value="133"/>
      <Item label="Orange (6)" value="134"/>
      <Item label="Light Blue (7)" value="135"/>
      <Item label="Pink (8)" value="136"/>
      <Item label="Locked" value="137"/>
    </Value>
    <Value genre="config" index="3" instance="1" label="Power on relay" max="2" min="0" size="1" type="list" value="2">
      <Help>Relais state after a power loss</Help>
      <Item label="All OFF" value="0"/>
      <Item label="Remember last state" value="1"/>
      <Item label="All ON" value="2"/>
    </Value>
    <Value genre="config" index="4" instance="1" label="LED on network error" max="1" min="0" size="1" type="list" value="1">
      <Help>Enable/Disable the LED on network error</Help>
      <Item label="Disable" value="0"/>
      <Item label="Enable" value="1"/>
    </Value>
  </CommandClass>
  <!-- COMMAND_CLASS_ALARM. This class is in the list reported by the GreenWave PowerNode 1, but it does not respond to requests -->
  <CommandClass action="remove" id="113"/>
  <!-- COMMAND_CLASS_INDICATOR. This class is in the list reported by the GreenWave PowerNode 1, but it does not respond to requests -->
  <CommandClass action="remove" id="135"/>
  <!-- Association Groups -->
  <CommandClass id="133">
    <Associations num_groups="4">
      <Group index="1" label="Wheel" max_associations="1"/>
      <Group index="2" label="Relay health" max_associations="1"/>
      <Group auto="true" index="3" label="Power level" max_associations="1"/>
      <Group index="4" label="Overcurrent protection" max_associations="1"/>
    </Associations>
  </CommandClass>
</Product>
