<!-- Honeywell(Jasco) 39351 / ZW3005 In-Wall Smart Dimmerh --><Product Revision="2" xmlns="https://github.com/OpenZWave/open-zwave">
  <MetaData>
    <MetaDataItem name="OzwInfoPage">http://www.openzwave.com/device-database/0039:3038:4944</MetaDataItem>
    <MetaDataItem name="ProductPic">images/honeywell/39351-ZW3005.png</MetaDataItem>
    <MetaDataItem id="3038" name="ZWProductPage" type="4944">https://products.z-wavealliance.org/products/2724/</MetaDataItem>
    <MetaDataItem id="3038" name="Identifier" type="4944">39351 / ZW3005</MetaDataItem>
    <MetaDataItem name="InclusionDescription">1. Follow the instructions for your Z-Wave certified controller to
include a device to the Z-Wave network.
2. Once the controller is ready to add your device,
press and release the top or bottom of the wireless smart
switch (rocker) to add it in the network.
Please reference the controller’s manual for instructions.</MetaDataItem>
    <MetaDataItem name="ResetDescription">Quickly press ON (Top) button three (3) times then immediately
press the OFF (Bottom) button three (3) times. The LED will flash
ON/OFF 5 times when completed successfully.
NOTE: This should only be used in the event your network’s
primary controller is missing or otherwise inoperable.</MetaDataItem>
    <MetaDataItem name="ExclusionDescription">1. Follow the instructions for your Z-Wave certified controller to
remove a device from the Z-Wave network.
2. Once the controller is ready to Exclude your device, press
and release the top or bottom of the wireless smart dimmer
(rocker) to remove it from the network.</MetaDataItem>
    <MetaDataItem name="Name">In-Wall Dimmer</MetaDataItem>
    <MetaDataItem id="3038" name="FrequencyName" type="4944">U.S. / Canada / Mexico</MetaDataItem>
    <MetaDataItem name="Description">Transform any home into a smart home with the Honeywell In-Wall  Dimmer. The In-Wall Dimmer can easily replace any standard in-wall switch and remotely controls a light in your home. Your home will be equipped with ultimate flexibility with the Honeywell Z-Wave Dimmer, capable of being used by itself or with up to four add-on switches. Screw terminal installation provides improved space efficiency when replacing existing switches and the integrated LED indicator light allows you to easily locate the switch in a dark room. The Honeywell Z-Wave In-Wall Dimmer is compatible with any Z-Wave certified gateway, providing access to many popular home automation systems. Take control of your home lighting with Honeywell Z-Wave Smart Controls! 

</MetaDataItem>
    <MetaDataItem name="ProductManual">https://Products.Z-WaveAlliance.org/ProductManual/File?folder=&amp;filename=Manuals/2724/39351-QSG-v1-para.pdf</MetaDataItem>
    <ChangeLog>
      <Entry author="Justin Hammond - Justin@dynam.ac" date="02 Jun 2019" revision="2">Initial Metadata Import from Z-Wave Alliance Database - https://products.z-wavealliance.org/products/2724/xml</Entry>
    </ChangeLog>
  </MetaData>
  <!-- Configuration Parameters - per https://products.z-wavealliance.org/products/2724 -->
  <CommandClass id="112">
    <Value genre="config" index="3" label="LED Light" max="2" min="0" size="1" type="list" value="0">
      <Help>Sets when the LED on the switch is lit.</Help>
      <Item label="LED on when light off" value="0"/>
      <Item label="LED on when light on" value="1"/>
      <Item label="LED always off" value="2"/>
    </Value>
    <Value genre="config" index="4" label="Invert Switch" max="1" min="0" size="1" type="list" value="0">
      <Help>Change the top of the switch to OFF and the bottom of the switch to ON, if the switch was installed upside down.</Help>
      <Item label="No" value="0"/>
      <Item label="Yes" value="1"/>
    </Value>
    <!-- Both the number of steps (or levels) that the dimmer will change and the timing of the steps can be modified to suit personal preferences. The timing of the steps can be adjusted in 10 millisecond intervals. As an example, the default setting for parameter 8 is 3. This means that the lighting level will change every 30 milliseconds when the Dim Command is received. A value of 255 would mean that the level would change every 2.55 seconds. Combined, the two parameters allow dim rate adjustments from 10 milliseconds to 4.2 minutes to go from maximum-to-minimum or minimum-to-maximum brightness levels. -->
    <Value genre="config" index="7" label="Z-Wave Command Dim Step" max="99" min="1" type="byte" units="" value="1">
      <Help>Indicates how many levels the dimmer will change for each dimming step.</Help>
    </Value>
    <Value genre="config" index="8" label="Z-Wave Command Dim Rate" max="255" min="1" type="short" units="x 10 milliseconds" value="3">
      <Help>This value indicates in 10 millisecond resolution, how often the dim level will change. For example, if you set this parameter to 1, then every 10ms the dim level will change. If you set it to 255, then every 2.55 seconds the dim level will change.</Help>
    </Value>
    <Value genre="config" index="9" label="Local Control Dim Step" max="99" min="1" type="byte" units="" value="1">
      <Help>Indicates how many levels the dimmer will change for each dimming step.</Help>
    </Value>
    <Value genre="config" index="10" label="Local Control Dim Rate" max="255" min="1" type="short" units="x 10 milliseconds" value="3">
      <Help>This value indicates in 10 millisecond resolution, how often the dim level will change. For example, if you set this parameter to 1, then every 10ms the dim level will change. If you set it to 255, then every 2.55 seconds the dim level will change.</Help>
    </Value>
    <Value genre="config" index="11" label="ALL ON/ALL OFF Dim Step" max="99" min="1" type="byte" units="" value="1">
      <Help>Indicates how many levels the dimmer will change for each dimming step.</Help>
    </Value>
    <Value genre="config" index="12" label="ALL ON/ALL OFF Dim Rate" max="255" min="1" type="short" units="x 10 milliseconds" value="3">
      <Help>This value indicates in 10 millisecond resolution, how often the dim level will change. For example, if you set this parameter to 1, then every 10ms the dim level will change. If you set it to 255, then every 2.55 seconds the dim level will change.</Help>
    </Value>
  </CommandClass>
  <!-- Association Groups -->
  <CommandClass id="133">
    <Associations num_groups="3">
      <Group index="1" label="Lifeline" max_associations="5"/>
      <Group index="2" label="Basic - Load" max_associations="5"/>
      <Group index="3" label="Basic - Double Tap" max_associations="5"/>
    </Associations>
  </CommandClass>
</Product>
