<!-- 
  
  Honeywell Lynx Touch L5100 
  https://products.z-wavealliance.org/products/678

--><Product Revision="2" xmlns="https://github.com/OpenZWave/open-zwave">
  <MetaData>
    <MetaDataItem name="OzwInfoPage">http://www.openzwave.com/device-database/0039:0003:0001</MetaDataItem>
    <MetaDataItem name="ProductPic">images/honeywell/lynx-touch-l5100.png</MetaDataItem>
    <MetaDataItem id="0003" name="ZWProductPage" type="0001">https://products.z-wavealliance.org/products/678/</MetaDataItem>
    <MetaDataItem id="0003" name="Identifier" type="0001">L5100</MetaDataItem>
    <MetaDataItem name="Name">Honeywell Lynx Touch L5100</MetaDataItem>
    <MetaDataItem id="0003" name="FrequencyName" type="0001">U.S. / Canada / Mexico</MetaDataItem>
    <MetaDataItem name="Description">Honeywell </MetaDataItem>
    <ChangeLog>
      <Entry author="Justin Hammond - Justin@dynam.ac" date="03 May 2019" revision="2">Initial Metadata Import from Z-Wave Alliance Database - https://products.z-wavealliance.org/products/678/xml</Entry>
    </ChangeLog>
  </MetaData>
  <CommandClass id="112"/>
</Product>
