<!--
CO Sensor HS1CA-Z
http://products.z-wavealliance.org/products/1940
--><Product Revision="3" xmlns="https://github.com/OpenZWave/open-zwave">
  <MetaData>
    <MetaDataItem name="OzwInfoPage">http://www.openzwave.com/device-database/0260:1000:8005</MetaDataItem>
    <MetaDataItem name="ProductPic">images/zipato/HS1CA-Z.png</MetaDataItem>
    <MetaDataItem id="1000" name="ZWProductPage" type="8005">https://products.z-wavealliance.org/products/2699/</MetaDataItem>
    <MetaDataItem name="Description">Zipato Carbon Monoxide Sensor (Z-Wave) is designed to give early warning of higher carbon monoxide level, based on Z-Wave technology.  Z-Wave is a wireless communication protocol designed for remote control of appliances in residential automated homes and light commercial environments. </MetaDataItem>
    <MetaDataItem name="InclusionDescription">Press button on sensor 3 times within 1.5s, Green LED will blink 3 times within 1 second.

If Inclusion Process is successful, Green led will turn off.</MetaDataItem>
    <MetaDataItem name="WakeupDescription">Wake up Notification is transmitted every 24 hours by default.
Wake up Notification is transmitted after Notification Report is Transmitted </MetaDataItem>
    <MetaDataItem id="1000" name="FrequencyName" type="8005">CEPT (Europe)</MetaDataItem>
    <MetaDataItem name="ResetDescription">Remove battery.
Insert battery while holding button on sensor.

Please use this procedure only when the network primary
controller is missing or otherwise inoperable.</MetaDataItem>
    <MetaDataItem name="ExclusionDescription">Press button on sensor 3 times within 1.5s, Green LED will blink 3 times within 1 second.

If Inclusion Process is successful, Green led will turn off.</MetaDataItem>
    <MetaDataItem name="ProductManual">https://Products.Z-WaveAlliance.org/ProductManual/File?folder=&amp;filename=Manuals/2699/hm-hs1ca-z-Smart-Carbon-Monoxide-Sensor-Z-Wave-User-Manual-1.0.pdf</MetaDataItem>
    <MetaDataItem name="Name">Zipato Carbon Monoxide Sensor</MetaDataItem>
    <MetaDataItem id="1000" name="Identifier" type="8005">hm-hs1ca-z.eu</MetaDataItem>
    <ChangeLog>
      <Entry author="Justin Hammond - Justin@dynam.ac" date="24 May 2019" revision="2">Initial Metadata Import from Z-Wave Alliance Database - https://products.z-wavealliance.org/products/1940/xml</Entry>
      <Entry author="Justin Hammond - Justin@dynam.ac" date="02 Jun 2019" revision="3">Updated Metadata Import from Z-Wave Alliance Database - https://products.z-wavealliance.org/products/2699/xml</Entry>
    </ChangeLog>
  </MetaData>
  <!-- Association Groups -->
  <CommandClass id="133">
    <Associations num_groups="3">
      <Group index="1" label="LifeLine" max_associations="1"/>
      <Group index="2" label="Binary Sensor" max_associations="5"/>
      <Group index="3" label="Notification" max_associations="5"/>
    </Associations>
  </CommandClass>
</Product>
