<Product Revision="1" xmlns="https://github.com/OpenZWave/open-zwave">
  <MetaData>
    <MetaDataItem name="OzwInfoPage">http://www.openzwave.com/device-database/0137:0002:3001</MetaDataItem>
    <MetaDataItem name="ProductPic">images/followgood/swz-1002.png</MetaDataItem>
    <MetaDataItem id="0002" name="ZWProductPage" type="3001">https://products.z-wavealliance.org/products/830/</MetaDataItem>
    <MetaDataItem name="Description">Binary Power Switch</MetaDataItem>
    <MetaDataItem id="0002" name="FrequencyName" type="3001">CEPT (Europe)</MetaDataItem>
    <MetaDataItem name="Name">Power Switch</MetaDataItem>
    <MetaDataItem id="0002" name="Identifier" type="3001">SWZ-1002</MetaDataItem>
    <ChangeLog>
      <Entry author="Justin Hammond - Justin@dynam.ac" date="03 May 2019" revision="1">Initial Metadata Import from Z-Wave Alliance Database - https://products.z-wavealliance.org/products/830/xml</Entry>
    </ChangeLog>
  </MetaData>
</Product>
