<!--
Z-Wave Plus Wireless Flood/Freeze Sensor (FLF-ZWAVE5)
https://products.z-wavealliance.org/products/2551
--><Product Revision="1" xmlns="https://github.com/OpenZWave/open-zwave">
  <!-- Please refer to https://github.com/OpenZWave/open-zwave/wiki/Adding-Devices for instructions -->
  <MetaData>
    <MetaDataItem name="OzwInfoPage">http://www.openzwave.com/device-database/014A:0010:0005</MetaDataItem>
    <MetaDataItem name="ProductPic">images/ecolink/floodfreeze.png</MetaDataItem>
    <MetaDataItem name="Description">-Z-Wave Plus enabled device which detects flood and freeze.
-Reports tamper condition when cover is open.
Product Specifications
-For indoor use only
-Operating frequency: 908.42 MHz
-Operating temperature: 0° – 49°C, 32° – 120°F (ambient temperature)
-Operating humidity 5-95% non-condensing
-Battery type required: 3V Lithium CR123A
-Battery life approximately 5 years
</MetaDataItem>
    <MetaDataItem name="OzwInfoPage">http://www.openzwave.com/device-database/XXXX:XXXX:XXXX</MetaDataItem>
    <MetaDataItem name="ProductManual">https://products.z-wavealliance.org/ProductManual/File?folder=&amp;filename=MarketCertificationFiles/2551/Z-Wave%20Plus%20Wireless%20Flood%20Sensor%20with%20a%20Probe%20FLF-ZWAVE5_V5.pdf</MetaDataItem>
    <MetaDataItem name="InclusionDescription">Put Z-Wave Controller into inclusion mode. Insert battery into sensor to enter inclusion mode.</MetaDataItem>
    <MetaDataItem name="ExclusionDescription">Put Z-Wave Controller into exclusion mode. Remove battery for 1 second and reinsert to enter exclusion mode.</MetaDataItem>
    <MetaDataItem name="ResetDescription"><!-- Short Description on how to Factory Reset the Device --></MetaDataItem>
    <MetaDataItem id="0010" name="ZWProductPage" type="0005">https://products.z-wavealliance.org/products/2551/</MetaDataItem>
    <MetaDataItem id="0010" name="FrequencyName" type="0005">U.S. / Canada / Mexico</MetaDataItem>
    <MetaDataItem id="0010" name="Identifier" type="0005">FLF-ZWAVE5</MetaDataItem>
    <ChangeLog>
      <Entry author="Dave Hylands - dhylands@gmail.com" date="30 Aug 2019" revision="1">Initial Metadata Import from Z-Wave Alliance Database - https://products.z-wavealliance.org/products/2551/xml</Entry>
    </ChangeLog>
  </MetaData>
  <!-- Basic set as report -->
  <!-- <CommandClass id="32" setasreport="true" ignoremapping="true"/> -->
  <CommandClass id="48">
    <Instance index="1"/>
    <Value genre="user" index="0" instance="1" label="Flood Sensor" max="0" min="0" read_only="true" type="bool" value="false" write_only="false"/>
    <Value genre="user" index="1" instance="1" label="Freeze Sensor" read_only="true" type="bool" value="false" write_only="false"/>
    <SensorMap index="0" type="6"/>
    <SensorMap index="1" type="7"/>
  </CommandClass>
</Product>
