<Product Revision="1" xmlns="https://github.com/OpenZWave/open-zwave">
  <MetaData>
    <MetaDataItem name="OzwInfoPage">http://www.openzwave.com/device-database/008A:0100:0001</MetaDataItem>
    <MetaDataItem name="ProductPic">images/BeNext/mygate.png</MetaDataItem>
    <MetaDataItem id="0100" name="ZWProductPage" type="0001">https://products.z-wavealliance.org/products/53/</MetaDataItem>
    <MetaDataItem id="0100" name="Identifier" type="0001">BeNeXt / Internet Gateway</MetaDataItem>
    <MetaDataItem name="ProductPage">http://www.benext.eu/en/products/internet-gateway/</MetaDataItem>
    <MetaDataItem name="ProductSupport">info@Benext.eu</MetaDataItem>
    <MetaDataItem name="Description">The Benext Internet Gateway is a static controller with Internet connection.
It is configured with lifestyles and rules for different scenes and operates with the BeNext Framework.

Connect the Internet Gateway onto your Smart meter and start reading out data, completely independent from your local power supplier. The Gateway gives you access to our famed free of charge online manager. In this online environment you can, among many other features, set up energy targets, read out and compare revenues from installed solar panels and manage your use of gas. The more BeNext products you will use and install on the Gateway the better you’ll be able to automate big savings and broaden luxury and safety features.</MetaDataItem>
    <MetaDataItem name="Name">Internet Gateway</MetaDataItem>
    <MetaDataItem id="0100" name="FrequencyName" type="0001">CEPT (Europe)</MetaDataItem>
    <ChangeLog>
      <Entry author="Justin Hammond - Justin@dynam.ac" date="03 May 2019" revision="1">Initial Metadata Import from Z-Wave Alliance Database - https://products.z-wavealliance.org/products/53/xml</Entry>
    </ChangeLog>
  </MetaData>
  <CommandClass id="112"/>
</Product>
