<!--
Benext Panic Watch
http://www.benext.eu/static/manual/panicwatch.pdf
-->
<Product Revision="2" xmlns="https://github.com/OpenZWave/open-zwave">
  <!-- Configuration -->
  <CommandClass id="112">
    <Value genre="config" index="1" instance="1" label="Set to Default" size="1" type="button" value="0">
      <Help>Set all configuration values to default values (factory settings).</Help>
    </Value>
    <Value genre="config" index="2" instance="1" label="Time to press the panic Watch" max="255" min="0" size="1" type="byte" value="100">
      <Help>
                The time that the panic pushbutton must be pressed before a (panic) message is sent out to the controller.
                0: send directly the panic message when pressed.
                1-255: send a panic message after you keep holding the button pressed for this value x 10ms.
            </Help>
    </Value>
    <Value genre="config" index="3" instance="1" label="Min led feedback time panic" max="255" min="0" size="1" type="byte" value="100">
      <Help>
                Minimum time that led feedback is shown after a panic message.
                0: led only stays on during the send time.
                1-255: led stays on during send time + this value*10ms.
            </Help>
    </Value>
    <Value genre="config" index="4" instance="1" label="Buttons mapped" max="255" min="0" size="1" type="byte" value="0">
      <Help>
                With this config parameter you can map the buttons to send different Z-Wave messages.
                0: SOS button sends an ALARM_REPORT to nodes group 1.
                1-255: SOS button sends an BASIC_SET, 0xFF to nodes group 1.
            </Help>
    </Value>
  </CommandClass>
  <!-- Basic set as report -->
  <CommandClass id="32">
    <Compatibility>
      <SetAsReport>true</SetAsReport>
    </Compatibility>
  </CommandClass>
  <!-- Association Groups -->
  <CommandClass id="133">
    <Associations num_groups="2">
      <Group index="1" label="Report" max_associations="8"/>
      <Group index="2" label="Not used" max_associations="8"/>
    </Associations>
  </CommandClass>
</Product>
