<Product Revision="2" xmlns="https://github.com/OpenZWave/open-zwave">
  <MetaData>
    <MetaDataItem name="OzwInfoPage">http://www.openzwave.com/device-database/0129:0000:0007</MetaDataItem>
    <MetaDataItem name="ProductPic">images/assa_abloy/KeyfreeConnected.png</MetaDataItem>
    <MetaDataItem id="0000" name="ZWProductPage" type="0007">https://products.z-wavealliance.org/products/1399/</MetaDataItem>
    <MetaDataItem name="Name">Yale Keyless Connected YD-01-CON</MetaDataItem>
    <MetaDataItem name="Description">Keyless Connected with Z-Wave for Rim locks</MetaDataItem>
    <MetaDataItem id="0000" name="Identifier" type="0007">YD-01-CON</MetaDataItem>
    <MetaDataItem id="0000" name="FrequencyName" type="0007">CEPT (Europe)</MetaDataItem>
    <ChangeLog>
      <Entry author="Justin Hammond - Justin@dynam.ac" date="08 May 2019" revision="2">Initial Metadata Import from Z-Wave Alliance Database - https://products.z-wavealliance.org/products/1399/xml</Entry>
    </ChangeLog>
  </MetaData>
  <CommandClass id="113">
    <!-- These Door Locks don't send a DoorLockReport when the
		Lock Status is Changed, but instead send a Alarm Message -
		So we trigger a Refresh of the DoorLock Command Class when
		we recieve a Alarm Message Instead -->
    <TriggerRefreshValue Genre="user" Index="0" Instance="1">
      <RefreshClassValue CommandClass="98" Index="1" Instance="1" RequestFlags="0"/>
    </TriggerRefreshValue>
  </CommandClass>
</Product>
